Model,Kind,Attack,Samples,Detected,Missed,Detection Rate (%),Miss Rate (%),Precision (%),Recall (%),F1 (%),Shared_Benign_Pool,Shared_False_Positives,Shared_True_Negatives
XGB,known,Analysis,315,263,52,83.4920634920635,16.507936507936506,9.6940656100258,83.4920634920635,17.37120211360634,1381207,2450,1378757
XGB,known,Bot,2346,2346,0,100.0,0.0,48.91576313594662,100.0,65.69588350602072,1381207,2450,1378757
XGB,known,DDoS,114041,114008,33,99.97106303873169,0.028936961268311023,97.89623727008879,99.97106303873169,98.92277189922733,1381207,2450,1378757
XGB,known,DoS,52727,52646,81,99.84637851575094,0.15362148424905575,95.55321620444316,99.84637851575094,97.65263441009803,1381207,2450,1378757
XGB,known,Exploits,3690,3524,166,95.50135501355014,4.498644986449863,58.98895212587881,95.50135501355014,72.93046357615894,1381207,2450,1378757
XGB,known,Fuzzers,2881,1525,1356,52.93300937174592,47.06699062825408,38.36477987421384,52.93300937174592,44.48658109684948,1381207,2450,1378757
XGB,known,Generic,853,834,19,97.7725674091442,2.2274325908558046,25.395858708891595,97.7725674091442,40.31907179115301,1381207,2450,1378757
XGB,known,Infilteration,9186,943,8243,10.26562159808404,89.73437840191596,27.792513999410552,10.26562159808404,14.993242706097462,1381207,2450,1378757
XGB,known,Reconnaissance,72925,72253,672,99.07850531367843,0.9214946863215667,96.72034590310965,99.07850531367843,97.885225025063,1381207,2450,1378757
XGB,known,Worms,32,32,0,100.0,0.0,1.2892828364222402,100.0,2.5457438345266503,1381207,2450,1378757
XGB,known,injection,70150,70119,31,99.95580898075552,0.044191019244477214,96.62390276839973,99.95580898075552,98.26161898555904,1381207,2450,1378757
XGB,known,mitm,187,164,23,87.70053475935828,12.299465240641716,6.2739097169089515,87.70053475935828,11.710103534451981,1381207,2450,1378757
XGB,known,password,23322,23321,1,99.99571220307007,0.004287796929935972,90.49319001978968,99.99571220307007,95.00743486851486,1381207,2450,1378757
XGB,known,scanning,3208,3208,0,100.0,0.0,56.69848002827854,100.0,72.36634333408526,1381207,2450,1378757
XGB,known,xss,15004,14998,6,99.96001066382298,0.03998933617701539,85.95827602017422,99.96001066382298,92.43189942068285,1381207,2450,1378757
XGB,zero_day,Backdoor,19029,5861,13168,30.80035734930895,69.19964265069105,70.52099627000361,30.80035734930895,42.87490855888807,1381207,2450,1378757
XGB,zero_day,Brute Force,291955,193574,98381,66.30268363275162,33.697316367248376,98.75015304248458,66.30268363275162,79.3370206504788,1381207,2450,1378757
XGB,zero_day,Shellcode,1365,719,646,52.67399267399268,47.32600732600732,22.688545282423476,52.67399267399268,31.71592412880459,1381207,2450,1378757
XGB,zero_day,Theft,1909,1469,440,76.95128339444736,23.048716605552645,37.484052054095436,76.95128339444736,50.411805078929305,1381207,2450,1378757
XGB,zero_day,ransomware,142,1,141,0.7042253521126761,99.29577464788733,0.04079967360261118,0.7042253521126761,0.07713073659853452,1381207,2450,1378757
