Episode,Total_Reward,Average_Reward,Episode_Accuracy,Mean_Loss,Episode_Time_Seconds
0,8.0,0.03125,0.515625,2.9042277336120605,25.091445207595825
1,-14.0,-0.0546875,0.47265625,2.4917917251586914,24.158194065093994
2,-10.0,-0.0390625,0.48046875,2.8346107006073,24.18301010131836
3,14.0,0.0546875,0.52734375,3.791738748550415,24.329970836639404
4,-16.0,-0.0625,0.46875,2.1539011001586914,24.188928604125977
5,24.0,0.09375,0.546875,3.219451427459717,24.20341157913208
6,26.0,0.1015625,0.55078125,2.8522603511810303,24.219897270202637
7,-12.0,-0.046875,0.4765625,4.524303436279297,24.32677412033081
8,-28.0,-0.109375,0.4453125,4.501864433288574,24.211192846298218
9,22.0,0.0859375,0.54296875,3.408277750015259,24.186044692993164
10,-12.0,-0.046875,0.4765625,2.396616220474243,24.250207662582397
11,38.0,0.1484375,0.57421875,5.335671424865723,24.152838706970215
12,-14.0,-0.0546875,0.47265625,2.944335699081421,24.159090042114258
13,22.0,0.0859375,0.54296875,2.7926149368286133,24.28128409385681
14,6.0,0.0234375,0.51171875,2.8486127853393555,24.10544204711914
15,2.0,0.0078125,0.50390625,2.1995458602905273,24.14029884338379
16,-8.0,-0.03125,0.484375,4.856231212615967,24.265308618545532
17,14.0,0.0546875,0.52734375,3.9989235401153564,24.09786629676819
18,2.0,0.0078125,0.50390625,2.7274022102355957,24.09366774559021
19,6.0,0.0234375,0.51171875,2.940310001373291,24.267329216003418
20,0.0,0.0,0.5,2.633833885192871,24.105026245117188
21,20.0,0.078125,0.5390625,1.7979192733764648,24.17643117904663
22,10.0,0.0390625,0.51953125,2.966074228286743,24.192989826202393
23,-2.0,-0.0078125,0.49609375,1.7703478336334229,24.244402647018433
24,24.0,0.09375,0.546875,4.22218132019043,24.14317274093628
25,26.0,0.1015625,0.55078125,2.844726324081421,24.228797912597656
26,-10.0,-0.0390625,0.48046875,3.5109355449676514,24.288766384124756
27,40.0,0.15625,0.578125,4.873453140258789,24.151480436325073
28,-16.0,-0.0625,0.46875,2.619961738586426,24.174928188323975
29,6.0,0.0234375,0.51171875,3.942917585372925,24.246404886245728
30,16.0,0.0625,0.53125,1.8732819557189941,24.143659353256226
