Kind,Attack,Samples,Detected,Missed,Detection Rate (%),Miss Rate (%),Precision (%),Recall (%),F1 (%),Shared_Benign_Pool,Shared_False_Positives,Shared_True_Negatives
known,Analysis,315,266,49,84.44444444444444,15.555555555555555,0.4039483675018983,84.44444444444444,0.8040504798609537,1381207,65584,1315623
known,Bot,2346,0,2346,0.0,100.0,0.0,0.0,0.0,1381207,65584,1315623
known,DDoS,114041,107445,6596,94.21611525679361,5.783884743206391,62.09652717174578,94.21611525679361,74.85630682411954,1381207,65584,1315623
known,DoS,52727,46944,5783,89.03218464923094,10.967815350769062,41.71761694867055,89.03218464923094,56.814014704547525,1381207,65584,1315623
known,Exploits,3690,1944,1746,52.6829268292683,47.3170731707317,2.8788058286932827,52.6829268292683,5.4592939987081905,1381207,65584,1315623
known,Fuzzers,2881,1403,1478,48.69836862200625,51.30163137799375,2.094436233896129,48.69836862200625,4.016144730062403,1381207,65584,1315623
known,Generic,853,431,422,50.52754982415005,49.47245017584995,0.6528819207755814,50.52754982415005,1.2891068971705448,1381207,65584,1315623
known,Infilteration,9186,370,8816,4.027868495536686,95.9721315044633,0.5609970585559633,4.027868495536686,0.984828320468459,1381207,65584,1315623
known,Reconnaissance,72925,43703,29222,59.92869386355844,40.07130613644156,39.989202741405656,59.92869386355844,47.969398283318334,1381207,65584,1315623
known,Worms,32,17,15,53.125,46.875,0.025914239112208658,53.125,0.05180320875169503,1381207,65584,1315623
known,injection,70150,68369,1781,97.46115466856735,2.5388453314326487,51.0395437205587,97.46115466856735,66.99460566478689,1381207,65584,1315623
known,mitm,187,101,86,54.01069518716578,45.98930481283422,0.15376417751389207,54.01069518716578,0.30665533155210106,1381207,65584,1315623
known,password,23322,23247,75,99.67841523025469,0.3215847697453089,26.169918159201178,99.67841523025469,41.455868322737686,1381207,65584,1315623
known,scanning,3208,2818,390,87.8428927680798,12.157107231920195,4.119762580041519,87.8428927680798,7.870409160731741,1381207,65584,1315623
known,xss,15004,14469,535,96.43428419088244,3.5657158091175645,18.074275792287608,96.43428419088244,30.442786959403307,1381207,65584,1315623
zero_day,Backdoor,19029,18414,615,96.76809080876558,3.2319091912344278,21.92195052263149,96.76809080876558,35.74596950313995,1381207,65584,1315623
zero_day,Brute Force,291955,287597,4358,98.50730420784025,1.4926957921597483,81.4304846523454,98.50730420784025,89.15856501574862,1381207,65584,1315623
zero_day,Shellcode,1365,8,1357,0.5860805860805861,99.41391941391942,0.012196609342602756,0.5860805860805861,0.023895933210866676,1381207,65584,1315623
zero_day,Theft,1909,637,1272,33.368255631220535,66.63174436877947,0.9619305054287914,33.368255631220535,1.8699544987523848,1381207,65584,1315623
zero_day,ransomware,142,141,1,99.29577464788733,0.7042253521126751,0.21453023963484216,99.29577464788733,0.4281354851443059,1381207,65584,1315623
