Episode,Total_Reward,Episode_Accuracy,Mean_Loss,Mean_Absolute_TD_Error,Epsilon_Start,Epsilon_End,Beta,Episode_Time_Seconds,Gradient_Updates,Episode_Investigations,Episode_Attack_Alerts
0,-285.0,0.34765625,0.6207219339999915,3.6377697297646296,1.0,0.9,0.4,71.07603144645691,241,79,89
1,-344.0,0.30859375,0.5369183082366362,3.4428159231320024,0.9,0.81,0.42000000000000004,72.84400463104248,497,100,72
2,-249.0,0.40234375,0.5193663885584101,3.3093241089954972,0.81,0.7290000000000001,0.44,73.21590924263,753,60,93
3,-82.0,0.49609375,0.5274326779181138,3.494471685960889,0.7290000000000001,0.6561000000000001,0.46,73.6305718421936,1009,67,74
4,-90.0,0.5,0.53678948484594,3.4372083018533885,0.6561000000000001,0.5904900000000002,0.48000000000000004,73.70805859565735,1265,59,78
5,-14.0,0.54296875,0.5027248625992797,3.3942252709530294,0.5904900000000002,0.5314410000000002,0.5,70.34437608718872,1521,50,78
6,51.0,0.5703125,0.5440346772084013,3.439948813058436,0.5314410000000002,0.47829690000000014,0.52,63.20565104484558,1777,51,77
7,20.0,0.55859375,0.5223911211942323,3.3622271679341793,0.47829690000000014,0.43046721000000016,0.54,62.93042707443237,2033,40,88
8,155.0,0.6640625,0.5776355855050497,3.6640390902757645,0.43046721000000016,0.38742048900000015,0.56,62.6781439781189,2289,29,81
9,139.0,0.67578125,0.5267595616169274,3.6948573980480433,0.38742048900000015,0.34867844010000015,0.5800000000000001,62.11187148094177,2545,29,73
10,177.0,0.65625,0.5437370793661103,3.6508374796248972,0.34867844010000015,0.31381059609000017,0.6,60.98939228057861,2801,34,83
11,335.0,0.7578125,0.6047488799085841,3.800249888561666,0.31381059609000017,0.28242953648100017,0.62,61.03973317146301,3057,27,73
12,333.0,0.75,0.5415289375232533,3.6355477701872587,0.28242953648100017,0.25418658283290013,0.64,73.99901485443115,3313,29,75
13,246.0,0.72265625,0.5839125838247128,3.5868299514986575,0.25418658283290013,0.22876792454961012,0.66,74.35298442840576,3569,30,66
14,282.0,0.78125,0.6416000785538927,3.7103629023768008,0.22876792454961012,0.2058911320946491,0.6799999999999999,74.67484736442566,3825,17,72
15,394.0,0.84375,0.5965612514992245,3.9594860207289457,0.2058911320946491,0.1853020188851842,0.7,75.0273494720459,4081,10,62
16,341.0,0.7734375,0.664090039615985,4.247417382430285,0.1853020188851842,0.16677181699666577,0.72,73.43113541603088,4337,22,71
17,374.0,0.82421875,0.6773494209628552,4.838124603964388,0.16677181699666577,0.1500946352969992,0.74,68.24426126480103,4593,12,66
18,352.0,0.80078125,0.6655095000751317,5.3358762208372355,0.1500946352969992,0.13508517176729928,0.76,65.54026961326599,4849,14,76
19,296.0,0.80859375,0.6952929124236107,5.7463426645845175,0.13508517176729928,0.12157665459056936,0.78,63.685457706451416,5105,11,66
20,436.0,0.8359375,0.64820162585238,6.093973815441132,0.12157665459056936,0.10941898913151243,0.8,62.23378324508667,5361,13,74
21,390.0,0.8515625,0.6898802520008758,6.269644802436233,0.10941898913151243,0.0984770902183612,0.8200000000000001,64.94154143333435,5617,5,68
22,380.0,0.8671875,0.6453159720404074,5.949665820226073,0.0984770902183612,0.08862938119652508,0.84,64.09188985824585,5873,5,58
23,418.0,0.86328125,0.5794616029597819,6.3117097886279225,0.08862938119652508,0.07976644307687257,0.8600000000000001,75.49443984031677,6129,7,68
24,416.0,0.8828125,0.5499629007535987,6.174808426760137,0.07976644307687257,0.07178979876918531,0.88,75.97667956352234,6385,4,64
25,425.0,0.890625,0.6303325519547798,6.1143144723027945,0.07178979876918531,0.06461081889226679,0.9,75.87213158607483,6641,6,55
26,358.0,0.8671875,0.5873492863029242,6.203503260854632,0.06461081889226679,0.05814973700304011,0.92,76.1591112613678,6897,4,58
27,361.0,0.87109375,0.49044250312726945,6.547111281193793,0.05814973700304011,0.0523347633027361,0.9400000000000001,75.16342544555664,7153,3,57
28,421.0,0.8671875,0.5000190650753211,6.127267240546644,0.0523347633027361,0.05,0.96,71.11316871643066,7409,2,71
29,445.0,0.90234375,0.49847225920530036,5.948953894898295,0.05,0.05,0.98,67.9420759677887,7665,3,57
30,526.0,0.921875,0.49486605369020253,5.743487718515098,0.05,0.05,1.0,66.7030439376831,7921,2,70
