config,feature_set,model_type,seed,KT_Accuracy,KT_Precision,KT_Recall,KT_F1,KT_ROC_AUC,Weighted_ZeroDay,Macro_ZeroDay,Shellcode,Brute Force,Theft,ransomware,Backdoor
B0,noports,drl,42,81.11575196024825,91.95527679301881,11.819870735330994,20.947201926706775,55.77110751637311,0.0015903307888040711,0.05238344683080147,0.0,0.0,0.26191723415400736,0.0,0.0
B0,noports,drl,43,81.17533848456172,91.85617262548183,12.143976142390668,21.451876408080057,55.927440584830144,0.36386768447837153,1.2495036318116202,0.0,0.0,0.26191723415400736,0.0,5.985600924904094
B0,ports,drl,42,91.44191398308519,85.11764537573082,72.19164821890327,78.12358662064095,84.4016735200509,94.98155216284987,51.155933975163,0.5860805860805861,98.50730420784025,0.26191723415400736,99.29577464788733,57.12859319985285
B0,ports,drl,43,91.41491740645658,85.95544102296451,71.0510776100327,77.79583630413313,83.96699550660996,93.96946564885496,49.93595594849124,1.0256410256410255,98.50730420784025,33.368255631220535,79.5774647887324,37.20111408902202
B0,ports,drl,44,91.78893128943184,81.00379962249616,79.96020136598835,80.47861744798875,87.46655580190071,97.19433842239185,64.61631394127505,2.1245421245421245,98.50730420784025,32.84442116291252,99.29577464788733,90.30952756319303
B1,noports,drl,42,87.43432069650027,83.09230721936524,51.017480660182756,63.21925108674951,66.79439983369456,2.576972010178117,21.23187375815239,0.0,0.0,57.46464117338921,11.971830985915492,36.722896631457246
B1,noports,drl,43,86.45473878386414,80.14972817743421,47.86244125252449,59.93432770307343,55.718862097080866,0.032124681933842235,2.529780806975695,0.0,0.0,0.26191723415400736,11.971830985915492,0.4151558148089758
B1,ports,drl,42,91.58448786980459,85.74976238403221,72.24962048389315,78.42293655044443,76.19965355005745,93.69147582697201,46.929594561403746,0.7326007326007326,98.50730420784025,0.3143006809848088,99.29577464788733,35.79799253770561
B1,ports,drl,43,92.42486333339802,82.31073772871707,81.79050710901751,82.04979780629978,85.91890159228701,94.00477099236642,54.12171438950238,1.7582417582417582,98.50730420784025,33.47302252488213,99.29577464788733,37.574228808660465
B1,ports,drl,44,91.9839002233924,83.45777320869017,77.48896504676878,80.36269067826233,84.197971125198,94.94020356234097,57.039073391240436,1.0256410256410255,98.50730420784025,33.26348873755893,99.29577464788733,53.10315833727468
B10,noports,drl,42,84.92740603422003,61.96958284013056,74.53453663981968,67.67376926570297,87.31903679314902,6.881679389312977,35.29763942737192,0.805860805860806,0.6846945590930109,60.45049764274489,17.6056338028169,96.941510326344
B10,noports,drl,43,79.67956832873497,51.73526811400985,59.641326944699856,55.407692047559586,71.39897086137209,7.152035623409669,23.595783682868685,0.805860805860806,1.3690465996472059,1.3619696176008382,17.6056338028169,96.83640758841769
B10,ports,drl,42,91.56668040276837,76.06334387039647,87.78376075520335,81.50435609853795,94.90089309851506,97.8498727735369,72.13376212042913,10.622710622710622,98.50730420784025,60.03143006809848,93.66197183098592,97.84539387251037
B10,ports,drl,43,90.50080076526447,71.51121680205395,91.62502999727666,80.32816143783974,95.96716260472311,97.78753180661577,69.75357629241714,2.197802197802198,99.19199876693327,61.34101623886852,99.29577464788733,86.74128961059435
B10,ports,drl,44,92.02196939170378,77.10660779722889,88.62206667080113,82.46426828549241,90.9325341732248,99.16857506361323,73.88431861329357,1.5384615384615385,99.87635080748746,72.07962283918282,97.88732394366197,98.03983393767408
B11,noports,drl,42,87.04535310723178,69.7553983700547,68.4984104813855,69.12119023033776,79.74918108982487,64.73187022900764,34.73832804602271,0.0,66.92435478070252,57.98847564169722,11.971830985915492,36.80697882179831
B11,noports,drl,43,88.63780867703076,79.01095300979793,63.078677800936724,70.15158557613015,87.80888667278585,2.5795165394402035,21.25913330116029,0.0,0.0,57.56940806705081,11.971830985915492,36.754427452835145
B11,noports,drl,44,88.79527919482852,79.78987753095859,63.03122143517758,70.42731746703643,88.66108929905158,2.5811068702290076,21.264388438056606,0.0,0.0,57.56940806705081,11.971830985915492,36.78070313731673
B11,noports,drl,45,83.50309404739754,58.17742112784434,78.48689691992008,66.82307891855162,89.98380868639155,68.38517811704835,47.110849976030785,0.805860805860806,66.92435478070252,58.82661079099005,11.971830985915492,97.02559251668505
B11,noports,drl,46,79.93874687941262,51.72988789962205,78.12800815386647,62.24578137251743,82.34517321968336,4.962150127226463,36.504298219331176,50.62271062271062,0.7096984124265726,57.62179151388162,11.971830985915492,61.59545956172159
B11,noports,drl,47,88.17778244526203,72.2238057620944,71.73811635977319,71.98014176722039,90.5789976896453,61.904262086513995,27.296955155078763,0.07326007326007326,66.2396602216095,57.56940806705081,11.971830985915492,0.6306164275579379
B11,noports,drl,48,83.20584632840851,59.09186916043107,67.13889345776248,62.85888836435516,70.34313109400692,3.0060432569974553,22.885351242450913,0.0,0.0,58.77422734415924,11.971830985915492,43.68069788217983
B11,noports,drl,49,88.27167117370614,77.10332756450597,63.427859583085045,69.60019527927155,79.01708192765777,2.6743002544529264,24.943425019395306,0.0,0.0,70.08905185961237,17.6056338028169,37.02243943454727
B11,ports,drl,42,93.6743539371054,85.98779357017314,83.7661479721841,84.86243293742282,94.07588630212032,93.98632315521628,52.70486032540593,0.7326007326007326,98.50730420784025,33.211105290728135,93.66197183098592,37.41131956487467
B11,ports,drl,43,93.07586323408714,82.92064513916189,84.74331768531576,83.8220742886252,95.12178015798524,94.40903307888041,55.3623632776367,1.2454212454212454,98.50730420784025,33.47302252488213,99.29577464788733,44.29029376215251
B11,ports,drl,44,91.15254264374678,77.86055588684009,81.32753790442396,79.55629292790749,91.93856804516652,97.2280534351145,66.3625504751077,10.329670329670328,98.50730420784025,32.68727082242012,100.0,90.28850701560775
B11,ports,drl,45,92.52508741069155,81.58728403156871,83.53992131950267,82.55205765977006,93.50460121788566,97.59382951653944,65.83848825981984,2.197802197802198,98.50730420784025,33.001571503404925,98.59154929577466,96.89421409427716
B11,ports,drl,46,91.81735474643195,78.03911902091524,85.36564320902103,81.53813266851415,94.82132570714644,97.32188295165395,68.6827164907385,2.93040293040293,98.50730420784025,51.492928234677834,100.0,90.48294708077145
B11,ports,drl,47,93.31209754839122,84.6198354776552,83.59924177670162,84.10644263022186,94.38977341855238,94.00127226463104,52.671577677179606,0.43956043956043955,98.50730420784025,33.05395495023573,93.66197183098592,37.69509695727574
B11,ports,drl,48,90.09784974835537,73.19481984628764,83.97134282640407,78.21362061539273,93.4337260686155,97.25349872773536,66.66189647019151,7.326007326007327,98.50730420784025,36.98271346254584,100.0,90.49345735456409
B11,ports,drl,49,92.79921966766244,81.73078419270009,84.9762852990425,83.32194257205593,93.8545185747387,94.1558524173028,59.08979118785682,1.611721611721612,98.50730420784025,58.459926663174436,99.29577464788733,37.574228808660465
B2,noports,drl,42,90.28088996241026,92.33578028899123,58.97990384693165,71.98137422666842,76.58322440154093,0.3772264631043257,13.962968403167892,0.0,0.0,57.46464117338921,11.971830985915492,0.37836985653476274
B2,noports,drl,43,85.7015171733614,92.0649567630672,35.51084350993752,51.252733909821835,63.08280121956577,0.013994910941475825,2.469872246357691,0.0,0.0,0.26191723415400736,11.971830985915492,0.11561301171895527
B2,ports,drl,42,91.72740420781315,86.50392789858233,72.17924485057986,78.69502587017874,90.67652359554518,93.7694020356234,47.13686764551809,0.5128205128205128,98.50730420784025,0.26191723415400736,99.29577464788733,37.10652162488833
B2,ports,drl,43,93.1759160857361,84.84970351181792,82.49021886552322,83.65332688014153,87.18325854693902,93.99936386768448,54.001364373989134,0.9523809523809524,98.50730420784025,33.734939759036145,99.29577464788733,37.51642230280099
B2,ports,drl,44,92.70002294423637,85.82068867907839,78.47934704354931,81.98600299432825,89.96521456619446,93.99459287531806,53.8474390677423,0.5128205128205128,98.50730420784025,33.42063907805134,99.29577464788733,37.50065689211204
B3,noports,drl,42,90.12336236939764,87.08221329944178,62.63080834908471,72.85978670012547,79.42694267031389,0.3797709923664122,14.027930594123381,0.0,0.0,57.778941854374025,11.971830985915492,0.388880130327395
B3,noports,drl,43,89.79495158309524,87.053821192794,60.835825241933094,71.62084946987493,77.33934927241768,0.3797709923664122,14.027930594123381,0.0,0.0,57.778941854374025,11.971830985915492,0.388880130327395
B3,ports,drl,42,93.53554701456673,86.12659207754726,82.79733705074865,84.42915707769336,92.63214855521834,93.63740458015268,52.81472087837447,0.9523809523809524,98.50730420784025,33.78732320586695,99.29577464788733,31.530821377896896
B3,ports,drl,43,94.0352975958778,89.01021971359026,81.93772969824762,85.32767252683688,88.22249614473576,93.47296437659033,51.96618381014872,0.3663003663003663,98.50730420784025,33.47302252488213,98.59154929577466,28.892742655946186
B3,ports,drl,44,91.92454199993836,82.47733882317627,78.53435328567923,80.45756653278158,82.9151986589471,93.84637404580153,53.52087215627866,1.391941391941392,98.50730420784025,33.42063907805134,99.29577464788733,34.988701455672924
B4,noports,drl,42,90.24070901114906,87.3064934580137,63.06330840975336,73.23061219377787,81.80740877769401,0.38263358778625955,14.122220798418823,0.0,0.0,58.25039287585123,11.971830985915492,0.388880130327395
B4,noports,drl,43,88.86525340824646,78.61100440775296,65.1128302059768,71.22806034336548,78.46437393794814,0.6743002544529263,15.010607609308028,0.0,0.0,57.831325301204814,11.971830985915492,5.249881759419832
B4,ports,drl,42,94.03284336163884,90.56065258181641,80.16539622020832,85.04654851586825,89.85095107510992,79.86704834605598,45.8011532725866,0.21978021978021978,84.68770872223459,33.57778941854374,94.36619718309859,16.154290819275843
B4,ports,drl,43,93.72954566987467,88.12904658392353,81.33212175793479,84.59427510513497,94.23084936620866,95.05311704834605,56.314321237991884,0.5860805860805861,98.50730420784025,33.05395495023573,94.36619718309859,55.058069262704294
B4,ports,drl,44,93.20028720248116,86.12039797853993,80.91741783442582,83.43787535032698,86.80683145675066,94.92366412213741,56.88921305660949,0.5128205128205128,98.50730420784025,33.26348873755893,99.29577464788733,52.866677176940456
B5,noports,drl,42,86.38693342861089,79.58998435054772,47.99645155810573,59.8815509060296,80.80154509414604,2.2334605597964376,9.80394129885651,0.0,0.0,0.26191723415400736,11.971830985915492,36.785958274213044
B5,noports,drl,43,88.102557312077,76.28253052796468,63.55297182008645,69.33835015577057,70.82446799393335,2.9650127226463106,22.58010679476181,0.0,0.0,57.831325301204814,11.971830985915492,43.09737768668874
B5,ports,drl,42,90.97806371192084,82.79334257975034,72.43108715523354,77.26634038862849,89.17232951207734,93.80057251908397,47.304089094733875,1.611721611721612,98.50730420784025,0.26191723415400736,98.59154929577466,37.54795312417888
B5,ports,drl,43,92.64477413625224,82.58530148385533,82.68840312025605,82.63682014343901,93.60302912110124,94.55979643765903,55.92545487790055,1.391941391941392,98.50730420784025,33.68255631220534,99.29577464788733,46.74969782962846
B5,ports,drl,44,89.69615438617319,82.01657886060704,65.73542536812388,72.97897211998568,75.04555262976352,97.17652671755725,64.20478102998507,0.7326007326007326,98.50730420784025,32.3205866946045,99.29577464788733,90.16763886699249
B6,noports,drl,42,88.09274037512114,90.21709492387548,49.06772508743026,63.56396356116917,92.45633069832,0.3979007633587786,3.7384622931284097,0.0,0.0,0.26191723415400736,11.971830985915492,6.458563245572548
B6,noports,drl,43,90.96042747052921,87.71525635518763,66.62577150299164,75.7296579962793,92.34969929870698,0.7703562340966921,15.328017877845522,0.0,0.0,57.831325301204814,11.971830985915492,6.836933102107309
B6,ports,drl,42,94.5432099329138,87.93236501943059,86.02679666834742,86.9691439381652,90.87032665639903,93.52003816793894,51.4876702695564,0.5128205128205128,98.50730420784025,33.68255631220534,95.07042253521126,29.66524777970466
B6,ports,drl,43,94.19099878201492,88.1220408521779,83.86025178837696,85.9383419130752,96.18737635335893,96.73600508905852,62.4544096092357,0.43956043956043955,98.50730420784025,33.31587218438973,97.1830985915493,82.82621262283882
B6,ports,drl,44,94.2772965068827,88.94245575456846,83.32340165072654,86.04128614068696,96.43769059071931,94.50381679389312,59.099745574275445,1.7582417582417582,98.50730420784025,57.4122577265584,94.36619718309859,43.45472699563824
B7,noports,drl,42,82.57042796137605,56.566555967335674,76.05637600541434,64.87938678458681,84.22034805277806,68.68384223918575,58.29045687651592,50.476190476190474,66.94935863403607,58.40754321634364,17.6056338028169,98.0135582531925
B7,noports,drl,43,79.78184711376346,51.50048542462925,76.952654186002,61.70497750861872,85.77227907039224,68.76367684478372,60.88657858476042,50.54945054945055,66.94935863403607,71.2938711367208,17.6056338028169,98.03457880077777
B7,ports,drl,42,89.89534688603335,71.01878640924096,88.29364704867243,78.71962689841276,94.44474084988853,98.96055979643766,66.86984659081762,3.36996336996337,99.87635080748746,33.47302252488213,99.29577464788733,98.33412160386779
B7,ports,drl,43,86.41815357113913,63.87681757147601,82.47835477408343,71.99547152402988,91.35578003217071,98.25349872773536,61.21668507928034,21.684981684981686,99.21700262026683,2.7239392352016765,83.80281690140845,98.65468495454307
B7,ports,drl,44,89.43052633621639,70.6727707538221,85.58054504714629,77.41549944204935,94.80198708690996,98.32919847328245,66.77061647893713,3.9560439560439558,99.19199876693327,33.001571503404925,99.29577464788733,98.4076935204162
B8,noports,drl,42,84.2897046585932,59.71405755018522,79.23837925725394,68.10452911607729,87.87661387811458,68.38994910941476,48.52261197434668,0.21978021978021978,66.92435478070252,60.97433211105291,17.6056338028169,96.88895895738085
B8,noports,drl,43,84.2172762109363,59.554278168015614,79.28152140794408,68.01637321113184,88.81420283630978,69.10050890585242,50.92974212548575,0.805860805860806,67.6087068212567,71.6081718177056,17.6056338028169,97.02033737978874
B8,ports,drl,42,91.07840193964411,73.80864663322828,89.67284767854784,80.97101821541742,94.9803283480972,98.43034351145037,69.9672977619539,9.304029304029305,99.19199876693327,49.60712414876899,93.66197183098592,98.07136475905197
B8,ports,drl,43,90.96430858513966,73.93653560722258,88.51582912472665,80.5719727463724,95.00277537790048,94.64662849872774,60.497414038581425,4.908424908424909,98.50730420784025,60.08381351492928,93.66197183098592,45.325555730726784
B8,ports,drl,44,90.58510085761218,72.62932313474663,89.09878743592716,80.02547733679489,93.43186780825376,97.65935114503816,72.19235656674434,9.743589743589745,98.50730420784025,61.655316919853334,96.47887323943662,94.57669872300174
B9,noports,drl,42,83.8107865307059,58.31921679943839,82.43224660053335,68.31025333072648,90.04391630083211,68.50795165394402,53.78254224465593,0.805860805860806,66.92435478070252,74.22734415924567,29.577464788732392,97.37768668873824
B9,noports,drl,43,75.31628230314473,45.44777464822034,82.92622422593544,58.71613230250227,82.56466389605235,68.48505089058524,51.52830844333819,0.805860805860806,66.92435478070252,75.3273965426925,17.6056338028169,96.97829628461821
B9,ports,drl,42,91.11219046684101,73.71873456572355,90.15118627432476,81.11105854782188,94.83673271389266,98.49045801526718,71.35052250507191,3.296703296703297,99.19199876693327,62.38868517548455,93.66197183098592,98.21325345525251
B9,ports,drl,43,89.65677248792004,69.46548588273453,91.2429523252271,78.87869594557581,94.96197287223167,99.19529262086513,74.72395728458086,15.604395604395604,99.87635080748746,60.18858040859089,99.29577464788733,98.65468495454307
B9,ports,drl,44,90.57368581464024,72.20671325832896,90.17841975694792,80.19807203491439,92.40934118996663,98.4723282442748,71.22201167309545,3.0036630036630036,99.19199876693327,59.979046621267685,95.77464788732394,98.16070208628935
LSTM,noports,supervised,42,94.69,91.57,82.51,86.81,97.62,31.05,23.92,0.0,32.54371392851638,64.53640649554741,15.492957746478872,7.036628304167324
LSTM,noports,supervised,43,93.91,88.79,81.5,84.99,97.3,30.23,21.75,0.43956043956043955,31.716874175814763,57.62179151388162,11.971830985915492,7.015607756582059
LSTM,ports,supervised,42,98.07,97.89,92.86,95.31,99.16,95.66,47.05,7.032967032967033,99.22693565789248,66.94604504976427,11.267605633802818,50.769877555310316
LSTM,ports,supervised,43,97.99,97.59,92.77,95.12,99.17,95.55,47.9,9.45054945054945,98.50730420784025,65.95075955997905,5.633802816901409,59.971622260759894
MLP,noports,supervised,42,94.31,89.52,82.83,86.05,97.8,11.93,27.54,0.3663003663003663,9.522357897621209,71.3986380303824,12.676056338028168,43.72799411424668
MLP,noports,supervised,43,94.51,92.32,80.79,86.17,97.85,9.55,17.79,0.07326007326007326,9.326437293418506,71.24148768989,0.7042253521126761,7.609438225865784
MLP,ports,supervised,42,98.35,97.7,94.45,96.05,99.17,92.54,40.28,19.413919413919416,98.53984346902777,75.3273965426925,0.0,8.098165957223186
MLP,ports,supervised,43,98.3,97.77,94.11,95.9,99.17,95.41,45.78,4.322344322344322,98.55388672911921,69.04138292299633,0.0,56.99721477744495
MLP,ports,supervised,44,98.22,97.93,93.59,95.71,99.13,95.62,49.75,18.315018315018314,98.53367813532907,72.39392352016762,0.0,59.530190761469335
RF,noports,supervised,42,98.36,98.99,93.19,96.0,99.29,94.99,55.03,56.92307692307692,98.57478035998697,72.65584075432163,1.4084507042253522,45.60407798623154
RF,noports,supervised,43,98.36,99.0,93.18,96.0,99.29,92.8,48.19,58.681318681318686,98.57478035998697,72.91775798847564,1.4084507042253522,9.369909086131694
RF,ports,supervised,42,99.26,99.42,97.08,98.23,99.69,65.05,48.51,53.84615384615385,66.30713637375622,76.47983237297015,0.0,45.89836565242524
RF,ports,supervised,43,99.26,99.4,97.08,98.23,99.69,65.05,48.65,54.13919413919414,66.30679385521742,76.89889994761656,0.0,45.89836565242524
RF,ports,supervised,44,99.26,99.42,97.07,98.23,99.69,65.05,48.62,54.13919413919414,66.30713637375622,76.74174960712415,0.0,45.903620789321565
XGB,noports,supervised,42,98.31,98.86,93.11,95.9,99.4,95.0,57.15,53.62637362637363,98.57478035998697,75.90361445783132,11.971830985915492,45.6566293551947
XGB,noports,supervised,43,98.31,98.86,93.11,95.9,99.4,92.78,47.38,51.868131868131876,98.57478035998697,75.79884756416972,1.4084507042253522,9.270061485101687
XGB,ports,supervised,42,99.25,99.35,97.1,98.22,99.67,64.96,48.23,53.91941391941392,66.30336866982925,75.64169722367731,0.7042253521126761,44.563560880760946
XGB,ports,supervised,43,99.25,99.34,97.11,98.21,99.67,62.88,41.44,53.62637362637363,66.30234111421281,77.26558407543216,0.0,10.01629092437858
XGB,ports,supervised,44,99.25,99.35,97.1,98.21,99.67,65.05,48.58,54.65201465201465,66.30508126252333,76.06076479832373,0.0,45.86683483104735
