Config,FeatureSet,ModelType,Kind,Attack,N_Seeds,Detection_Rate_Mean,Detection_Rate_Std,Precision_Mean,Precision_Std,Recall_Mean,Recall_Std,F1_Mean,F1_Std
B0,ports,drl,known,Analysis,8,19.563492063492063,22.526544348886343,0.1707990043048795,0.20982136913118976,19.563492063492063,22.526544348886343,0.3382581953940955,0.4156614068648473
B0,ports,drl,known,Bot,8,17.471227621483376,36.13405260439616,0.913359336108327,2.0373842701532068,17.471227621483376,36.13405260439616,1.733657317034202,3.8545250891666196
B0,ports,drl,known,DDoS,8,90.05664629387675,9.628440378397945,71.99731393537661,5.423842168997171,90.05664629387675,9.628440378397945,79.46868564864363,3.287990552054377
B0,ports,drl,known,DoS,8,81.57016329394807,13.984684090013186,51.944638288733955,5.303705683077551,81.57016329394807,13.984684090013186,62.47406844293167,4.874882516530721
B0,ports,drl,known,Exploits,8,35.62669376693767,8.365991892730321,3.179518558278411,0.4484045444866138,35.62669376693767,8.365991892730321,5.773421812407197,0.6433935126255986
B0,ports,drl,known,Fuzzers,8,33.96390142311698,7.319884989329993,2.4481544716221952,0.6288918023740989,33.96390142311698,7.319884989329993,4.520487056329621,1.0247553200561181
B0,ports,drl,known,Generic,8,19.226260257913246,9.20774588956706,0.4102298737012834,0.21643273570266433,19.226260257913246,9.20774588956706,0.8011900673526515,0.4219132496256962
B0,ports,drl,known,Infilteration,8,3.1814718049205313,1.7048603799432525,0.7896088821974521,0.48096084372037,3.1814718049205313,1.7048603799432525,1.2281577130070263,0.6698566486702466
B0,ports,drl,known,Reconnaissance,8,41.455947891669524,18.458996628543655,41.697254219361625,15.10649753977516,41.455947891669524,18.458996628543655,40.72089277243097,15.232377610654252
B0,ports,drl,known,Worms,8,50.0,6.022650697871447,0.04226558773919291,0.01412954062216022,50.0,6.022650697871447,0.08444511369227187,0.028174888818962317
B0,ports,drl,known,injection,8,94.09390591589451,9.142903727054332,62.450704544362814,6.637215250142988,94.09390591589451,9.142903727054332,74.4541523549224,3.0651042882565958
B0,ports,drl,known,mitm,8,46.18983957219251,16.355339498498946,0.20205785490851214,0.06400308037288469,46.18983957219251,16.355339498498946,0.40223719883104003,0.12758427955687385
B0,ports,drl,known,password,8,97.7762413172112,5.343785483675632,37.056643603241305,8.13028425197833,97.7762413172112,5.343785483675632,53.07570350936804,6.839978976137992
B0,ports,drl,known,scanning,8,85.43485037406485,6.823576561589983,6.787392474601639,2.2954209355200126,85.43485037406485,6.823576561589983,12.433604156260303,3.602548057376796
B0,ports,drl,known,xss,8,94.8980271927486,4.2697937797434005,27.13238801172576,7.438710491449363,94.8980271927486,4.2697937797434005,41.58105625267967,7.593161946425989
B0,ports,drl,zero_day,Backdoor,8,40.87445477954701,25.522508650212288,14.082675411086626,6.70714546620974,40.87445477954701,25.522508650212288,20.77466033862291,10.41479282855773
B0,ports,drl,zero_day,Brute Force,8,88.11285129557638,24.32647776592333,85.9820104071284,2.097285187878144,88.11285129557638,24.32647776592333,85.05087876679681,17.325908285055778
B0,ports,drl,zero_day,Shellcode,8,0.4578754578754578,0.28440980097752366,0.013494321776432623,0.006875574891989437,0.4578754578754578,0.28440980097752366,0.026194352508420386,0.01340287573113198
B0,ports,drl,zero_day,Theft,8,35.18858040859088,18.33289675783547,1.7851936489108091,1.0890811592567784,35.18858040859088,18.33289675783547,3.3648735289473977,1.976055153278838
B0,ports,drl,zero_day,ransomware,8,86.88380281690141,31.751421857600526,0.2862736748241629,0.09700212891579894,86.88380281690141,31.751421857600526,0.570558384749815,0.1934734331208384
B1,ports,drl,known,Analysis,8,11.944444444444445,0.8302231128808538,0.08251502336539154,0.011888952201754854,11.944444444444445,0.8302231128808538,0.16388769748814624,0.02350892799504907
B1,ports,drl,known,Bot,8,0.0,0.0,0.0,0.0,0.0,0.0,0.0,0.0
B1,ports,drl,known,DDoS,8,90.62354767145149,8.64530466828618,69.08226589729668,3.3874062384522206,90.62354767145149,8.64530466828618,78.31911326006272,5.267473228437197
B1,ports,drl,known,DoS,8,85.11791871337266,5.167696755242336,49.41981501477247,2.9824643566271614,85.11791871337266,5.167696755242336,62.48782199697642,3.3409108920454487
B1,ports,drl,known,Exploits,8,38.01490514905149,6.237836714447053,2.973917817538908,0.5212349674505635,38.01490514905149,6.237836714447053,5.512958083768122,0.9494590833908907
B1,ports,drl,known,Fuzzers,8,34.72752516487331,5.005559323009976,2.1398849827901874,0.34234709151939835,34.72752516487331,5.005559323009976,4.029363526545127,0.633009801277583
B1,ports,drl,known,Generic,8,17.878077373974207,3.962217771381755,0.33143801376083026,0.07084038753783925,17.878077373974207,3.962217771381755,0.6507000299605962,0.13883331988560166
B1,ports,drl,known,Infilteration,8,1.6288373612018288,2.3344229610226725,0.3121180672678635,0.44228517883622376,1.6288373612018288,2.3344229610226725,0.5236561685144485,0.7437060906932532
B1,ports,drl,known,Reconnaissance,8,22.59718889269798,18.948104882105252,23.030709927269132,15.18757940474922,22.59718889269798,18.948104882105252,22.57530761463329,17.095500334123333
B1,ports,drl,known,Worms,8,50.78125,3.2346823094172854,0.035610802545373604,0.004557786426009874,50.78125,3.2346823094172854,0.07117124497617598,0.009104646398505663
B1,ports,drl,known,injection,8,95.96863863150392,4.1369861645355375,59.43331371470151,2.813008069280075,95.96863863150392,4.1369861645355375,73.37564862265434,2.9717406839457183
B1,ports,drl,known,mitm,8,46.59090909090909,16.483474714390653,0.19125456424441822,0.07090460140314685,46.59090909090909,16.483474714390653,0.38093028959620456,0.14117190658634268
B1,ports,drl,known,password,8,99.65161649944258,0.039746876447255254,33.66602891429976,2.2563322235493954,99.65161649944258,0.039746876447255254,50.291668101860964,2.525450286970838
B1,ports,drl,known,scanning,8,87.83120324189527,0.03306297293578377,5.809978979815252,0.5517627163446375,87.83120324189527,0.03306297293578377,10.893997214345085,0.9710019084086682
B1,ports,drl,known,xss,8,96.38846307651292,0.07057390890610911,24.017474941724316,1.8434675128483344,96.38846307651292,0.07057390890610911,38.42176624957685,2.3659449907924675
B1,ports,drl,zero_day,Backdoor,8,43.76937831730517,22.87226348134836,14.728567699112833,5.8994674330591135,43.76937831730517,22.87226348134836,21.956782993554196,9.412919321862432
B1,ports,drl,zero_day,Brute Force,8,94.8216334709116,9.37545413208644,85.63085609731996,2.0301872371711167,94.8216334709116,9.37545413208644,89.84397587868666,5.5057021120553
B1,ports,drl,zero_day,Shellcode,8,0.5586080586080586,0.26250512111321844,0.016272019416326472,0.0062358166925504,0.5586080586080586,0.26250512111321844,0.03161382689396985,0.012182304235973631
B1,ports,drl,zero_day,Theft,8,19.905709795704556,22.365549776929306,0.7831790947272786,0.8790619263845331,19.905709795704556,22.365549776929306,1.5069475978685773,1.6914786695030066
B1,ports,drl,zero_day,ransomware,8,88.11619718309859,30.498353387155145,0.27451751454532447,0.10017212754927793,88.11619718309859,30.498353387155145,0.5473136115683029,0.19965696053387663
B2,ports,drl,known,Analysis,8,12.182539682539684,0.655834687708825,0.07823061395049702,0.015331840417978668,12.182539682539684,0.655834687708825,0.15542023779079572,0.030244338868214215
B2,ports,drl,known,Bot,8,0.0,0.0,0.0,0.0,0.0,0.0,0.0,0.0
B2,ports,drl,known,DDoS,8,92.9769775782394,2.0061299960513193,67.84602792292702,4.84820744888601,92.9769775782394,2.0061299960513193,78.35399708862698,3.3535827609241555
B2,ports,drl,known,DoS,8,86.1745405579684,1.3264634617234417,47.706887457260336,5.2398021106524295,86.1745405579684,1.3264634617234417,61.22517273606747,4.065321725832046
B2,ports,drl,known,Exploits,8,38.62466124661246,4.3147403033871194,2.7977077175787635,0.439104733022142,38.62466124661246,4.3147403033871194,5.204205088379956,0.7604375366993573
B2,ports,drl,known,Fuzzers,8,36.48038875390489,2.3356617620632716,2.088964796100088,0.3547897436562877,36.48038875390489,2.3356617620632716,3.9432183503000635,0.6260114259048177
B2,ports,drl,known,Generic,8,18.99179366940211,2.979004547896054,0.3240106183012413,0.05199562298340534,18.99179366940211,2.979004547896054,0.6367393898764532,0.1011832216910387
B2,ports,drl,known,Infilteration,8,2.203080775092532,2.4283563624555535,0.3674410772688135,0.3766717536499173,2.203080775092532,2.4283563624555535,0.6254072909259941,0.6463262486212118
B2,ports,drl,known,Reconnaissance,8,29.98440178265341,27.317017463829632,25.461861589531363,17.824796100572236,29.98440178265341,27.317017463829632,26.873830466812308,21.4611391078603
B2,ports,drl,known,Worms,8,50.78125,1.4465939058946116,0.03324692981016729,0.007117843580163708,50.78125,1.4465939058946116,0.06644843024995489,0.014215864863369867
B2,ports,drl,known,injection,8,97.18032786885246,0.7501423089579389,57.68180740741215,5.457959161586711,97.18032786885246,0.7501423089579389,72.25970723149254,4.337223291102341
B2,ports,drl,known,mitm,8,51.336898395721924,3.105026956898639,0.196621900919833,0.04738670679980924,51.336898395721924,3.105026956898639,0.3916759048401641,0.0940414348994824
B2,ports,drl,known,password,8,99.66608781408112,0.007751142841732131,31.97661080877235,4.861921842606547,99.66608781408112,0.007751142841732131,48.23876325734327,5.571912337267769
B2,ports,drl,known,scanning,8,87.8428927680798,0.0,5.451914055783206,1.1594196466861222,87.8428927680798,0.0,10.244368357724213,2.047957701392509
B2,ports,drl,known,xss,8,96.40595841109038,0.019101956285689458,22.704111752115836,3.9274841349152685,96.40595841109038,0.019101956285689458,36.604821100479256,5.128568674487289
B2,ports,drl,zero_day,Backdoor,8,47.14383309685218,18.27479859935692,15.097593852049112,4.771195872533841,47.14383309685218,18.27479859935692,22.69724492298439,7.209393334368278
B2,ports,drl,zero_day,Brute Force,8,97.37408162216778,3.2052374996909636,84.91147490624738,2.688770374184153,97.37408162216778,3.2052374996909636,90.65346616410548,1.5443450144874493
B2,ports,drl,zero_day,Shellcode,8,0.9523809523809523,0.36942674190942526,0.024859513410204398,0.0067824822942969066,0.9523809523809523,0.36942674190942526,0.04840701828869787,0.01329132645992448
B2,ports,drl,zero_day,Theft,8,22.996333158721843,26.061759425552076,0.8357684813960453,0.9432228163550217,22.996333158721843,26.061759425552076,1.608867925612872,1.8125249825352718
B2,ports,drl,zero_day,ransomware,8,97.79929577464787,2.363917532698017,0.2835002525515457,0.06191254383194006,97.79929577464787,2.363917532698017,0.5652890276209983,0.12306384839654431
B3,ports,drl,known,Analysis,8,9.880952380952381,2.6475804387686144,0.09860259645680537,0.017761610682775767,9.880952380952381,2.6475804387686144,0.19508242632563652,0.03485825062617032
B3,ports,drl,known,Bot,8,0.0,0.0,0.0,0.0,0.0,0.0,0.0,0.0
B3,ports,drl,known,DDoS,8,89.90078129795424,7.170172093261488,76.4843718544922,4.684166269151933,89.90078129795424,7.170172093261488,82.35775560011666,3.113359278018286
B3,ports,drl,known,DoS,8,79.84998198266543,11.087781037328304,57.33063733631943,5.336763230170885,79.84998198266543,11.087781037328304,66.13859296567621,4.464901363825926
B3,ports,drl,known,Exploits,8,31.24661246612466,7.218620423706214,3.5566044419814986,0.7522458030654247,31.24661246612466,7.218620423706214,6.332850194202492,1.1757865158063243
B3,ports,drl,known,Fuzzers,8,27.985074626865675,7.748685228021225,2.4691087127705877,0.3228318865837016,27.985074626865675,7.748685228021225,4.508334567531342,0.5665074729688037
B3,ports,drl,known,Generic,8,13.965416178194607,4.371419866982901,0.3697146808913996,0.0704575218504444,13.965416178194607,4.371419866982901,0.7186830977491176,0.1348048595463902
B3,ports,drl,known,Infilteration,8,1.9472566949706076,2.149164731410813,0.561852410511517,0.6581720318506598,1.9472566949706076,2.149164731410813,0.8598000401635553,0.982587443022782
B3,ports,drl,known,Reconnaissance,8,27.725059993143642,24.987488517107945,31.88668056123509,22.307787429665968,27.725059993143642,24.987488517107945,28.95749823818815,24.13502913597261
B3,ports,drl,known,Worms,8,49.21875,2.209708691207961,0.05266267849678105,0.015368347630766067,49.21875,2.209708691207961,0.10520199154490824,0.030658876511977122
B3,ports,drl,known,injection,8,93.46739130434781,7.74689515902233,67.65497353566008,5.5827433433592,93.46739130434781,7.74689515902233,78.11204636572933,3.2681165647469634
B3,ports,drl,known,mitm,8,45.72192513368984,14.269159426873085,0.26907741201598817,0.09525264120435732,45.72192513368984,14.269159426873085,0.5347712129679638,0.18884313368724043
B3,ports,drl,known,password,8,99.16655947174343,1.3167515254691637,42.91551424765411,7.567350932966908,99.16655947174343,1.3167515254691637,59.53863381369047,7.183184283161576
B3,ports,drl,known,scanning,8,87.62468827930175,0.5798340161389729,8.612496100213487,2.5433554039677957,87.62468827930175,0.5798340161389729,15.585015567020266,4.153120708557795
B3,ports,drl,known,xss,8,96.03938949613436,0.9468349423242349,32.104729791934034,6.827461868432729,96.03938949613436,0.9468349423242349,47.75209807183443,7.489198147817595
B3,ports,drl,zero_day,Backdoor,8,23.458931105155287,11.124773196668222,11.714838549732054,4.921011474903625,23.458931105155287,11.124773196668222,15.370056846656464,6.358759643923891
B3,ports,drl,zero_day,Brute Force,8,83.8204517819527,24.194982859071708,87.89546251111207,3.3255783682272924,83.8204517819527,24.194982859071708,84.03855163993916,16.965301672862502
B3,ports,drl,zero_day,Shellcode,8,0.293040293040293,0.22495222668974021,0.010754612817005313,0.007435691934799601,0.293040293040293,0.22495222668974021,0.02072543642416106,0.01436479218290277
B3,ports,drl,zero_day,Theft,8,22.786799371398637,25.649127900432973,1.2629634196721347,1.4366179575492974,22.786799371398637,25.649127900432973,2.3827799773842053,2.7021508689118674
B3,ports,drl,zero_day,ransomware,8,96.65492957746478,2.681610248543623,0.46175732208790893,0.15262069065952616,96.65492957746478,2.681610248543623,0.9187107993279878,0.3020422120265456
B4,ports,drl,known,Analysis,8,11.944444444444443,2.4761759404189903,0.08590656109217504,0.01540362755567232,11.944444444444443,2.4761759404189903,0.1704937408674938,0.03033784418729485
B4,ports,drl,known,Bot,8,12.49467178175618,35.340268582319986,0.5371442707665244,1.5192734253380498,12.49467178175618,35.340268582319986,1.03000860902718,2.9133042884945692
B4,ports,drl,known,DDoS,8,92.84106154803973,2.4600690536193897,70.62790383618871,5.973322354438344,92.84106154803973,2.4600690536193897,80.05079461450023,3.5767701362180424
B4,ports,drl,known,DoS,8,84.56412274546247,6.760023409814401,50.61120093643407,6.502960002382389,84.56412274546247,6.760023409814401,62.92383446053485,5.0713051947194305
B4,ports,drl,known,Exploits,8,36.639566395663955,8.210915735705706,2.973367576801815,0.33716111787517117,36.639566395663955,8.210915735705706,5.471292903227405,0.5501313006613342
B4,ports,drl,known,Fuzzers,8,36.06386671294689,6.313244664545588,2.3331745558821346,0.40084086812548914,36.06386671294689,6.313244664545588,4.364654463120948,0.6992807070386658
B4,ports,drl,known,Generic,8,17.379835873388043,5.052411081200856,0.32896593374959315,0.033239014854660354,17.379835873388043,5.052411081200856,0.644780197224228,0.06468863302509537
B4,ports,drl,known,Infilteration,8,3.404637491835402,1.986155360386703,0.6860800028865213,0.3794679244572369,3.404637491835402,1.986155360386703,1.1271982335963076,0.6044374755364446
B4,ports,drl,known,Reconnaissance,8,43.269626328419605,19.258162081671017,39.41660386449226,13.543813460187012,43.269626328419605,19.258162081671017,40.617999993615925,15.443310260097759
B4,ports,drl,known,Worms,8,52.734375,4.555431167847891,0.03959765285302801,0.008680249571220319,52.734375,4.555431167847891,0.07913129021918885,0.0173292465279718
B4,ports,drl,known,injection,8,96.7307555238774,1.9034117794987235,60.815557562462374,6.89348543908119,96.7307555238774,1.9034117794987235,74.43691252779158,5.015178088662715
B4,ports,drl,known,mitm,8,51.604278074866315,2.322182452799186,0.22882686923143242,0.059948185265515826,51.604278074866315,2.322182452799186,0.45548434449797204,0.1187741314058436
B4,ports,drl,known,password,8,99.32360003430236,0.9481385983766384,35.0736630664787,6.6178230536340665,99.32360003430236,0.9481385983766384,51.50943525162771,7.219691318340727
B4,ports,drl,known,scanning,8,87.65975685785537,0.5179865759938889,6.280841032240836,1.6978954331543423,87.65975685785537,0.5179865759938889,11.673804731651948,2.952229516434955
B4,ports,drl,known,xss,8,96.11436950146627,0.8187163300921456,25.305886366402326,5.475187361229256,96.11436950146627,0.8187163300921456,39.77915076290434,6.855488506891554
B4,ports,drl,zero_day,Backdoor,8,43.999290556519,24.52496485517327,15.11961941688779,5.378484227506417,43.999290556519,24.52496485517327,22.15841334310418,8.902013280260858
B4,ports,drl,zero_day,Brute Force,8,94.36175951773389,11.122824035440205,86.06493730328489,3.079388250681139,94.36175951773389,11.122824035440205,89.6581453548452,5.922059140117286
B4,ports,drl,zero_day,Shellcode,8,0.6593406593406593,0.4069538900099128,0.018480287721833064,0.007105057786364196,0.6593406593406593,0.4069538900099128,0.035880898436819283,0.014036712238396452
B4,ports,drl,zero_day,Theft,8,31.10921948664222,22.064128067153835,1.2834160977832734,0.8098148860035911,31.10921948664222,22.064128067153835,2.4563813303031132,1.5456425574819803
B4,ports,drl,zero_day,ransomware,8,96.39084507042253,2.537376115722646,0.3249588777374244,0.08750758709506826,96.39084507042253,2.537376115722646,0.6475723039289697,0.1737739539579875
B5,ports,drl,known,Analysis,8,13.452380952380953,1.45910923101986,0.07853057317179812,0.016542540349722787,13.452380952380953,1.45910923101986,0.1561235059400758,0.0327659838759463
B5,ports,drl,known,Bot,8,0.0,0.0,0.0,0.0,0.0,0.0,0.0,0.0
B5,ports,drl,known,DDoS,8,89.85321068738436,8.41061559913158,64.97074966870579,4.388621488769564,89.85321068738436,8.41061559913158,75.22166157319839,4.815580339485137
B5,ports,drl,known,DoS,8,86.30919642687806,1.373146381944647,45.43255561062911,4.54928650821337,86.30919642687806,1.373146381944647,59.37751081980506,3.8490338096914876
B5,ports,drl,known,Exploits,8,45.03387533875339,4.257805329193849,2.965949984735283,0.45104394259616176,45.03387533875339,4.257805329193849,5.555848107875013,0.7973069080010553
B5,ports,drl,known,Fuzzers,8,38.92745574453315,4.054324468997,2.024899497911031,0.3459817564763257,38.92745574453315,4.054324468997,3.844408090785269,0.6334673728638895
B5,ports,drl,known,Generic,8,22.83118405627198,3.195087381855043,0.3553338736861388,0.05244896321255819,22.83118405627198,3.195087381855043,0.6994561661367453,0.10213149081540998
B5,ports,drl,known,Infilteration,8,1.3784563466144133,1.4761728773422267,0.23274779294469242,0.27475712351364806,1.3784563466144133,1.4761728773422267,0.396913473797863,0.46258606234729
B5,ports,drl,known,Reconnaissance,8,22.148611587247174,18.680022388106817,20.072075064861174,14.424125654522562,22.148611587247174,18.680022388106817,20.85559211211372,16.425056329452943
B5,ports,drl,known,Worms,8,53.515625,3.8950732961194525,0.031756548400419526,0.006085590091898562,53.515625,3.8950732961194525,0.06347436317234019,0.012158503039204687
B5,ports,drl,known,injection,8,95.86813970064148,3.6140619057680348,55.07711995267732,4.702935751172879,95.86813970064148,3.6140619057680348,69.822875974136,3.964095340596295
B5,ports,drl,known,mitm,8,45.655080213903744,16.531732714905388,0.1551324219656069,0.060516555993354613,45.655080213903744,16.531732714905388,0.30918090171749063,0.12053880279907103
B5,ports,drl,known,password,8,99.6671597633136,0.00824376054105547,29.95053954721965,3.9721488800792875,99.6671597633136,0.00824376054105547,45.93018349809688,4.832354279753602
B5,ports,drl,known,scanning,8,87.8428927680798,0.0,4.96354746100513,0.8561508140356631,87.8428927680798,0.0,9.383694085575982,1.5451530735802796
B5,ports,drl,known,xss,8,96.38846307651292,0.05637786200003641,21.05785681272512,3.09611796165212,96.38846307651292,0.05637786200003641,34.465690319498336,4.267760884426027
B5,ports,drl,zero_day,Backdoor,8,58.382600241736284,26.48755908668796,16.568686898668403,6.445353247782571,58.382600241736284,26.48755908668796,25.69398064001956,10.279887858240528
B5,ports,drl,zero_day,Brute Force,8,97.5452980767584,2.720964235324028,83.72128479989189,2.759352912902966,97.5452980767584,2.720964235324028,90.0625636554693,1.8710935779734252
B5,ports,drl,zero_day,Shellcode,8,0.9798534798534799,0.6301309361958235,0.023174525881625125,0.011047347595726814,0.9798534798534799,0.6301309361958235,0.045231117007886956,0.021641906579484057
B5,ports,drl,zero_day,Theft,8,17.862755369303297,25.231597583531045,0.5810352124069983,0.8886955120882776,17.862755369303297,25.231597583531045,1.1241175512382684,1.7144994430914204
B5,ports,drl,zero_day,ransomware,8,95.3345070422535,11.491349332160423,0.24943929564629583,0.05054664671881725,95.3345070422535,11.491349332160423,0.49753869416406005,0.10065487315325136
B6,ports,drl,known,Analysis,8,34.285714285714285,29.032807891425122,0.2683320868308224,0.22972593860055557,34.285714285714285,29.032807891425122,0.5324544985611138,0.4557808613056979
B6,ports,drl,known,Bot,8,87.49467178175618,35.353189280633664,4.702873614082898,1.9840668362090579,87.49467178175618,35.353189280633664,8.921113542497165,3.747838113654278
B6,ports,drl,known,DDoS,8,89.0266439263072,13.327310504601357,70.95680734450636,5.103698338278897,89.0266439263072,13.327310504601357,78.77721879738078,8.552439873634171
B6,ports,drl,known,DoS,8,87.77832040510555,1.4316659934437952,53.234172393799724,3.0498098681286345,87.77832040510555,1.4316659934437952,66.22093239156278,2.318634191220906
B6,ports,drl,known,Exploits,8,34.28861788617886,4.30977695688762,3.0061175295009717,0.23843513597859614,34.28861788617886,4.30977695688762,5.522077964826744,0.42932215243894994
B6,ports,drl,known,Fuzzers,8,36.01180145782715,5.727223141138069,2.4845084563640927,0.3865269204419568,36.01180145782715,5.727223141138069,4.6446537712323686,0.7122557658124256
B6,ports,drl,known,Generic,8,23.28546307151231,10.039312504571935,0.4865742875734358,0.21285265342717083,23.28546307151231,10.039312504571935,0.9529991540482682,0.41658290882896276
B6,ports,drl,known,Infilteration,8,6.479969518833007,1.2224188318624984,1.4440661301016198,0.29025076889433354,6.479969518833007,1.2224188318624984,2.3572863016586623,0.45733802134846874
B6,ports,drl,known,Reconnaissance,8,70.3366472403154,6.229136393506236,55.69271485126491,2.849011819694229,70.3366472403154,6.229136393506236,62.053420688285144,3.422633592583257
B6,ports,drl,known,Worms,8,52.34375,3.2346823094172854,0.04127169912763495,0.0036249933551841407,52.34375,3.2346823094172854,0.0824774593807367,0.007237078389114443
B6,ports,drl,known,injection,8,96.97950819672131,0.8702431377211776,62.56623275378017,2.823507393449067,96.97950819672131,0.8702431377211776,76.0182447344433,1.906423249668482
B6,ports,drl,known,mitm,8,52.07219251336899,0.8053158381324671,0.2407120203955015,0.030460799396366138,52.07219251336899,0.8053158381324671,0.4791782276726433,0.06036276598257588
B6,ports,drl,known,password,8,99.64572077866393,0.021246702876361042,36.42583689223271,2.9335279340024263,99.64572077866393,0.021246702876361042,53.28987693971199,3.1495202341620887
B6,ports,drl,known,scanning,8,87.84678927680798,0.011020990978591242,6.522340825361793,0.7721717543332256,87.84678927680798,0.011020990978591242,12.133517973794952,1.337567496305781
B6,ports,drl,known,xss,8,96.39929352172753,0.004712788464327486,26.314179773144037,2.456905416352853,96.39929352172753,0.004712788464327486,41.28974161992781,3.0342765698074436
B6,ports,drl,zero_day,Backdoor,8,28.01250722581323,12.842279431026931,11.203605313515453,4.68380263130763,28.01250722581323,12.842279431026931,15.95498798560314,6.810392516229291
B6,ports,drl,zero_day,Brute Force,8,98.26685619359148,0.6295372274460909,87.53743152807597,1.360354857371059,98.26685619359148,0.6295372274460909,92.58469905519298,0.6760177927130866
B6,ports,drl,zero_day,Shellcode,8,0.467032967032967,0.18754537872796895,0.015396352464230975,0.005549769707093714,0.467032967032967,0.18754537872796895,0.029798010728787058,0.010770925696995191
B6,ports,drl,zero_day,Theft,8,55.67705605028811,9.207847682973895,2.5366905062030876,0.3820238743730025,55.67705605028811,9.207847682973895,4.84970621848271,0.725861772277154
B6,ports,drl,zero_day,ransomware,8,96.47887323943661,2.439508179674466,0.3378040235945442,0.03838590520999327,96.47887323943661,2.439508179674466,0.6732180187616064,0.07620799712370309
B7,ports,drl,known,Analysis,8,93.25396825396825,1.3116693754176454,0.21206607315923892,0.028562200190380978,93.25396825396825,1.3116693754176454,0.4231535944121023,0.0568571069759224
B7,ports,drl,known,Bot,8,100.0,0.0,1.669497876863883,0.22888882859278623,100.0,0.0,3.2832947341619105,0.4426282849172009
B7,ports,drl,known,DDoS,8,96.34846239510352,0.5438895063835649,44.11729421721863,3.375002367235024,96.34846239510352,0.5438895063835649,60.451970442901555,3.143017090443711
B7,ports,drl,known,DoS,8,92.46946535930358,1.341083758807607,25.993316784937175,2.534164042338646,92.46946535930358,1.341083758807607,40.51281571829871,3.0238695222390075
B7,ports,drl,known,Exploits,8,87.62533875338754,1.7054379165021452,2.2827871117927367,0.27987221653388294,87.62533875338754,1.7054379165021452,4.447873617603274,0.530095804436477
B7,ports,drl,known,Fuzzers,8,86.66261714682402,2.9549257557629196,1.7701918663198208,0.20540631396700296,86.66261714682402,2.9549257557629196,3.468399730143669,0.3931747791216134
B7,ports,drl,known,Generic,8,86.91383352872215,2.968399329846038,0.5327920793783196,0.06630857074840776,86.91383352872215,2.968399329846038,1.0589850589551797,0.13093483167258355
B7,ports,drl,known,Infilteration,8,11.742053124319618,2.657942270660142,0.7616832082292857,0.12783838942517872,11.742053124319618,2.657942270660142,1.4290240729803498,0.23900592412922456
B7,ports,drl,known,Reconnaissance,8,54.47565992458004,20.310130731530197,21.57066236906296,6.907028959702105,54.47565992458004,20.310130731530197,30.78272603134937,10.145283189493918
B7,ports,drl,known,Worms,8,90.234375,1.1048543456039805,0.020916763787582865,0.0030490876089763748,90.234375,1.1048543456039805,0.04182366896547909,0.006095382071869702
B7,ports,drl,known,injection,8,99.94012829650748,0.10905236411453638,33.539376413281595,3.0967706718621817,99.94012829650748,0.10905236411453638,50.153709067172784,3.468718954253643
B7,ports,drl,known,mitm,8,98.93048128342247,2.2867272035287662,0.1337876666391836,0.01932239249461452,98.93048128342247,2.2867272035287662,0.2672078305151224,0.03854076982521819
B7,ports,drl,known,password,8,99.99517622845383,0.010611755999284657,14.413782994140465,1.7165907911974485,99.99517622845383,0.010611755999284657,25.161392887380316,2.616428879679456
B7,ports,drl,known,scanning,8,99.71165835411472,0.5895089707041823,2.262639854230418,0.31093346962874,99.71165835411472,0.5895089707041823,4.423312490229588,0.5942635756327654
B7,ports,drl,known,xss,8,99.9266862170088,0.15169030494190294,9.776606469136617,1.2304494405346311,99.9266862170088,0.15169030494190294,17.790740256165897,2.037936418100015
B7,ports,drl,zero_day,Backdoor,8,98.33740606442797,0.13860979487306124,11.90849604769096,1.4532468195750963,98.33740606442797,0.13860979487306124,21.217443158548125,2.305801783293828
B7,ports,drl,zero_day,Brute Force,8,99.28062543885189,0.4380589925946899,67.47207363784291,3.090505917649193,99.28062543885189,0.4380589925946899,80.31036763236676,2.2741367910704655
B7,ports,drl,zero_day,Shellcode,8,5.7967032967032965,3.8118250707351167,0.05970058360760588,0.0492180333384592,5.7967032967032965,3.8118250707351167,0.11815962108576966,0.09719453544210332
B7,ports,drl,zero_day,Theft,8,40.505500261917234,21.96313053820953,0.5391064209039721,0.27114136515367,40.505500261917234,21.96313053820953,1.0637997272680964,0.5353793263768495
B7,ports,drl,zero_day,ransomware,8,99.29577464788731,0.0,0.10196743716951753,0.014206609959249447,99.29577464788731,0.0,0.20372212123506683,0.028353938237237135
B8,ports,drl,known,Analysis,8,92.65873015873015,2.360074754931377,0.261892719148178,0.05042797583566161,92.65873015873015,2.360074754931377,0.5222618618904947,0.10029730948896032
B8,ports,drl,known,Bot,8,100.0,0.0,2.0664976749676796,0.38698378217290397,100.0,0.0,4.046849405340666,0.7435992211661078
B8,ports,drl,known,DDoS,8,96.1900763760402,0.81516778266525,49.26898579593956,4.775701927658322,96.1900763760402,0.81516778266525,65.02092841545347,4.089770359979833
B8,ports,drl,known,DoS,8,87.25842547461453,14.277528965167194,28.964778391030965,5.7446708238660005,87.25842547461453,14.277528965167194,43.347514890697255,7.825932613047246
B8,ports,drl,known,Exploits,8,82.7439024390244,3.655014722741814,2.664884507981331,0.47608466412381323,82.7439024390244,3.655014722741814,5.158559183055114,0.8929583052195459
B8,ports,drl,known,Fuzzers,8,77.99375216938563,7.4130624667650995,1.9559305464720196,0.25082326215238165,77.99375216938563,7.4130624667650995,3.813165343565376,0.47316643920838924
B8,ports,drl,known,Generic,8,83.19167643610785,3.033173817162749,0.6337816995838506,0.12079884933946738,83.19167643610785,3.033173817162749,1.257673706616484,0.2379870697622702
B8,ports,drl,known,Infilteration,8,10.299640757674723,3.0137675764156757,0.810294084466664,0.170303081462718,10.299640757674723,3.0137675764156757,1.49918782589236,0.31979215489814516
B8,ports,drl,known,Reconnaissance,8,67.73020226259857,6.224382840637156,30.456116368504283,3.6568527532693333,67.73020226259857,6.224382840637156,41.83745247380345,3.80715899417558
B8,ports,drl,known,Worms,8,89.453125,1.6173411547086427,0.025762602304622587,0.004988440031859421,89.453125,1.6173411547086427,0.05150989559515218,0.009971285712733109
B8,ports,drl,known,injection,8,99.40003563791873,0.45599505367601606,38.2562910242698,4.541740966514938,99.40003563791873,0.45599505367601606,55.09986400836149,4.739342764249472
B8,ports,drl,known,mitm,8,88.77005347593584,9.389340603780942,0.14666924326957212,0.014790239662492398,88.77005347593584,9.389340603780942,0.2928386679400968,0.029449687223448116
B8,ports,drl,known,password,8,99.87672583826429,0.13395015648864636,17.250979836338804,2.7577816018499135,99.87672583826429,0.13395015648864636,29.336882802184153,4.040117568784433
B8,ports,drl,known,scanning,8,96.9490336658354,2.463379034187972,2.7104779827946244,0.4441277810545966,96.9490336658354,2.463379034187972,5.269214015560884,0.8384341786073778
B8,ports,drl,known,xss,8,99.17022127432685,0.6854058379322774,11.762100173779842,1.9334773685137991,99.17022127432685,0.6854058379322774,20.978737163159764,3.0931522662541524
B8,ports,drl,zero_day,Backdoor,8,98.11866099111882,0.2168386548159601,14.328137270307764,2.3562887562700543,98.11866099111882,0.2168386548159601,24.9377241059747,3.6075446951228094
B8,ports,drl,zero_day,Brute Force,8,90.82645441934545,23.385901537531602,68.47652495930242,10.722280598419713,90.82645441934545,23.385901537531602,77.61803922781694,16.38489128901878
B8,ports,drl,zero_day,Shellcode,8,6.63003663003663,4.8441949832850195,0.07937590149896681,0.06315448868357747,6.63003663003663,4.8441949832850195,0.15680005916683032,0.12455231807452304
B8,ports,drl,zero_day,Theft,8,48.50707176532216,16.374594830663582,0.8136618328382956,0.2706611691986174,48.50707176532216,16.374594830663582,1.5997315035278907,0.5314727861282154
B8,ports,drl,zero_day,ransomware,8,95.4225352112676,2.4969162265575093,0.12182878578881975,0.023668454702700514,95.4225352112676,2.4969162265575093,0.24333699339235737,0.047219952599531566
B9,ports,drl,known,Analysis,8,92.14285714285714,1.5985992500693404,0.2374242658126639,0.02522984266587927,92.14285714285714,1.5985992500693404,0.4736172147297933,0.05020097435268978
B9,ports,drl,known,Bot,8,100.0,0.0,1.886528274075241,0.1872920071567306,100.0,0.0,3.7026148310047438,0.3605322732339646
B9,ports,drl,known,DDoS,8,96.40282880718338,0.5355955157202243,47.29765375007322,2.393577307091467,96.40282880718338,0.5355955157202243,63.42438904425456,2.0737689673815396
B9,ports,drl,known,DoS,8,92.91183833709485,1.0221553972923652,28.59444029902302,1.8908270952780462,92.91183833709485,1.0221553972923652,43.69326890547924,2.128408794992977
B9,ports,drl,known,Exploits,8,81.23644986449865,3.6268667692317087,2.396208698145423,0.2433011283909209,81.23644986449865,3.6268667692317087,4.6539854980600674,0.45991122906762544
B9,ports,drl,known,Fuzzers,8,79.65984033321763,3.1056251506589687,1.8428738327027747,0.15224756723264035,79.65984033321763,3.1056251506589687,3.601725336114453,0.28998500271639727
B9,ports,drl,known,Generic,8,83.48475967174676,1.5507715828306432,0.5796647340568366,0.05094545724939808,83.48475967174676,1.5507715828306432,1.151265444617354,0.10036003547705598
B9,ports,drl,known,Infilteration,8,12.973546701502286,1.0129827617467515,0.9652678056132534,0.09870648410605509,12.973546701502286,1.0129827617467515,1.7958132875072395,0.17437815610968138
B9,ports,drl,known,Reconnaissance,8,71.5229688035653,4.90533695225536,29.876615547426308,2.77699375536158,71.5229688035653,4.90533695225536,42.111460518973814,3.4001974305015077
B9,ports,drl,known,Worms,8,88.671875,1.6173411547086427,0.02323377103681791,0.002132300773269802,88.671875,1.6173411547086427,0.0464552610001969,0.00426221377955448
B9,ports,drl,known,injection,8,99.48788310762652,0.542562638326942,36.314959754355826,2.238400586650855,99.48788310762652,0.542562638326942,53.16997589417698,2.3475468100230255
B9,ports,drl,known,mitm,8,89.63903743315508,10.548797617421853,0.13637231327294472,0.01397105756141782,89.63903743315508,10.548797617421853,0.272326933623942,0.027891096970626295
B9,ports,drl,known,password,8,99.95283423377069,0.052112926005252524,16.023888740430362,1.3496433219719581,99.95283423377069,0.052112926005252524,27.59943268355819,1.9939657847848289
B9,ports,drl,known,scanning,8,97.62312967581047,2.4162878668895256,2.4995906271986073,0.21512942085992418,97.62312967581047,2.4162878668895256,4.8733754584109645,0.4077032111710524
B9,ports,drl,known,xss,8,99.29102239402826,0.7531446101388665,10.870910636093061,0.9334364498200591,99.29102239402826,0.7531446101388665,19.58395088252003,1.5036396785523438
B9,ports,drl,zero_day,Backdoor,8,98.09369909086132,0.2255558559015283,13.256303011660489,1.14296666066267,98.09369909086132,0.2255558559015283,23.339895559886596,1.7622884508658279
B9,ports,drl,zero_day,Brute Force,8,99.10641194704664,0.24207608288811305,70.21591405713383,2.033150390447628,99.10641194704664,0.24207608288811305,82.18031185964084,1.3400519249559342
B9,ports,drl,zero_day,Shellcode,8,7.152014652014652,3.714125215729407,0.07749777534025484,0.037304058065677805,7.152014652014652,3.714125215729407,0.1533232318056892,0.07386779533613735
B9,ports,drl,zero_day,Theft,8,55.997904662126764,12.553742097011579,0.8587981360631183,0.16632831243561483,55.997904662126764,12.553742097011579,1.6914282197074337,0.3277131172943234
B9,ports,drl,zero_day,ransomware,8,87.67605633802816,19.87220770579401,0.10171026447053248,0.02484846087691121,87.67605633802816,19.87220770579401,0.2031825607008596,0.049628314783799636
B10,ports,drl,known,Analysis,8,93.01587301587301,0.8979133729352924,0.2609778143369905,0.044674772238651704,93.01587301587301,0.8979133729352924,0.5204577454936828,0.0888059784910156
B10,ports,drl,known,Bot,8,100.0,0.0,2.0514607904937097,0.34505789015738164,100.0,0.0,4.018489880579513,0.6604151362400373
B10,ports,drl,known,DDoS,8,96.08616637875852,0.8918749928462142,49.164740606913625,3.8449468661878448,96.08616637875852,0.8918749928462142,64.95654719476039,3.1409878210552207
B10,ports,drl,known,DoS,8,92.05577787471313,1.346492574941264,30.070263044539466,3.196069384776942,92.05577787471313,1.346492574941264,45.23044157406916,3.3935151945101536
B10,ports,drl,known,Exploits,8,84.28523035230353,3.3234334068929323,2.704609576877053,0.4816648229581651,84.28523035230353,3.3234334068929323,5.237257967541153,0.9032930813319718
B10,ports,drl,known,Fuzzers,8,80.97014925373134,3.5435351152490173,2.0332809355654815,0.29819573582557785,80.97014925373134,3.5435351152490173,3.964629474769871,0.5635489569044072
B10,ports,drl,known,Generic,8,83.0744431418523,1.9415046074704971,0.6284148818336001,0.10374640396962907,83.0744431418523,1.9415046074704971,1.2471591428796804,0.20411464757535708
B10,ports,drl,known,Infilteration,8,10.824896581754844,2.9414429605112518,0.8491440043176353,0.15012217777455994,10.824896581754844,2.9414429605112518,1.5725116922768554,0.2872934941134402
B10,ports,drl,known,Reconnaissance,8,66.18443606444977,8.073957385720462,29.762515029753175,2.2458232020257127,66.18443606444977,8.073957385720462,40.90646028059879,2.925880778906287
B10,ports,drl,known,Worms,8,87.109375,2.0027185764426743,0.02484462704146765,0.003939145801992062,87.109375,2.0027185764426743,0.049674722199993984,0.007873237595926771
B10,ports,drl,known,injection,8,99.32840342124018,0.8024707709938934,38.137242059905574,3.757622010146333,99.32840342124018,0.8024707709938934,55.014665086450876,3.7749020708744916
B10,ports,drl,known,mitm,8,86.96524064171123,14.50184870475748,0.1433913850549177,0.028130993968090254,86.96524064171123,14.50184870475748,0.2862982895932595,0.056103398662801146
B10,ports,drl,known,password,8,99.92871537603979,0.09857770766941414,17.167749996065982,2.3818994078283455,99.92871537603979,0.09857770766941414,29.240505393516237,3.4027046182802345
B10,ports,drl,known,scanning,8,96.70745012468828,3.822105366959972,2.6877082726039627,0.4153823204418292,96.70745012468828,3.822105366959972,5.226687324300556,0.7809061126924589
B10,ports,drl,known,xss,8,99.05608504398828,1.1310071639928452,11.682592875259566,1.6972327537617213,99.05608504398828,1.1310071639928452,20.86187346417576,2.6630647560287857
B10,ports,drl,zero_day,Backdoor,8,98.17712438909034,0.18724470685784075,14.255080385501037,2.046413343617828,98.17712438909034,0.18724470685784075,24.845696190933026,3.0633442385992606
B10,ports,drl,zero_day,Brute Force,8,99.05850216642976,0.4488111320392588,71.75162794982448,3.154387177537106,99.05850216642976,0.4488111320392588,83.18820043057458,2.097912487354682
B10,ports,drl,zero_day,Shellcode,8,5.842490842490843,3.7626936847688106,0.06634490782968959,0.03808517151573503,5.842490842490843,3.7626936847688106,0.13118096304181406,0.0754206344788076
B10,ports,drl,zero_day,Theft,8,47.479046621267685,14.09213300389308,0.7930314466338099,0.2374945309058083,47.479046621267685,14.09213300389308,1.5594213547526996,0.46584322624979335
B10,ports,drl,zero_day,ransomware,8,97.35915492957747,2.4611931232847155,0.12365259273437676,0.02354807072064721,97.35915492957747,2.4611931232847155,0.2469833867401669,0.04697375418439564
B11,ports,drl,known,Analysis,8,41.78571428571429,37.45952476197297,0.18980786444925965,0.17985584273306676,41.78571428571429,37.45952476197297,0.3778719429198627,0.3579504684924615
B11,ports,drl,known,Bot,8,12.5,35.35533905932738,0.46968847601505564,1.3284796257416838,12.5,35.35533905932738,0.9053580525153979,2.5607392733419374
B11,ports,drl,known,DDoS,8,94.27771590919055,0.20752974571054242,59.73641934388276,3.282136456808043,94.27771590919055,0.20752974571054242,73.08884150520333,2.454159460420617
B11,ports,drl,known,DoS,8,89.02839152616306,0.5043855391224575,39.39174588874059,3.2894239150925033,89.02839152616306,0.5043855391224575,54.547374449580566,3.138289627790079
B11,ports,drl,known,Exploits,8,48.89566395663957,6.298162785253434,2.4438150768889435,0.3921692471478267,48.89566395663957,6.298162785253434,4.651489672002576,0.7262290499532457
B11,ports,drl,known,Fuzzers,8,44.16001388406803,4.340010731868472,1.7440678317480347,0.3141124749262792,44.16001388406803,4.340010731868472,3.353567068607057,0.5885069103475006
B11,ports,drl,known,Generic,8,36.88452520515826,15.377548196779578,0.44384979585724776,0.226036490596618,36.88452520515826,15.377548196779578,0.8769675667286172,0.44547007212496115
B11,ports,drl,known,Infilteration,8,4.827999129109514,1.138420767463651,0.6027131256403973,0.10186765090501136,4.827999129109514,1.138420767463651,1.0699273636982363,0.18521391660910771
B11,ports,drl,known,Reconnaissance,8,59.98423037367157,8.090461642045568,37.493177738770264,2.367376024050502,59.98423037367157,8.090461642045568,45.98883569503623,3.6920800962165257
B11,ports,drl,known,Worms,8,56.25,4.419417382415922,0.025093889709140237,0.004179230611311341,56.25,4.419417382415922,0.05016500912298421,0.00835167745086954
B11,ports,drl,known,injection,8,97.45848182466145,0.001412731587980736,48.590123387290845,3.4199557636967857,97.45848182466145,0.001412731587980736,64.78669086430494,3.019641083478252
B11,ports,drl,known,mitm,8,52.94117647058824,0.4950909624452161,0.13780531795193912,0.019398693031535734,52.94117647058824,0.4950909624452161,0.2748828743150178,0.038590844058118634
B11,ports,drl,known,password,8,99.67466340794098,0.004249340575282093,24.39532307620507,2.5583344055325257,99.67466340794098,0.004249340575282093,39.13811184218419,3.2752402842186426
B11,ports,drl,known,scanning,8,87.84678927680798,0.011020990978591242,3.7772316194640077,0.5095180623183356,87.84678927680798,0.011020990978591242,7.2384861944572005,0.9344291709661663
B11,ports,drl,known,xss,8,96.42012130098641,0.00750460961383557,16.74080584705574,1.9403362825182542,96.42012130098641,0.00750460961383557,28.48643515359236,2.7972631938619217
B11,ports,drl,zero_day,Backdoor,8,62.46321404172579,25.54788501569086,14.174935789485001,6.04371236408669,62.46321404172579,25.54788501569086,23.073088150272753,9.698756079968263
B11,ports,drl,zero_day,Brute Force,8,98.67843503279613,0.4840310671854668,79.84656326827186,2.2045746425090686,98.67843503279613,0.4840310671854668,88.25719090248506,1.46077357423146
B11,ports,drl,zero_day,Shellcode,8,1.1538461538461537,0.44947820557807244,0.021500496362656663,0.007837071037280414,1.1538461538461537,0.44947820557807244,0.042201507916039604,0.015379750273068132
B11,ports,drl,zero_day,Theft,8,43.69434258774227,14.623855391201625,1.1201700389358553,0.2821786784394156,43.69434258774227,14.623855391201625,2.18346224930923,0.5536063945822352
B11,ports,drl,zero_day,ransomware,8,97.44718309859155,2.437692393654607,0.192202148704547,0.02462778969152765,97.44718309859155,2.437692393654607,0.3836347649498285,0.04904932071580659
RF,ports,supervised,known,Analysis,8,83.2936507936508,0.1643013236529409,11.017466236213284,0.17647589619420628,83.2936507936508,0.1643013236529409,19.46032260802629,0.27489151742300744
RF,ports,supervised,known,Bot,8,100.0,0.0,52.53823773324124,0.4633299114846372,100.0,0.0,68.88427380811697,0.3991298007502901
RF,ports,supervised,known,DDoS,8,99.97763962083812,0.0023435540017409232,98.1748732659172,0.033486883467019106,99.97763962083812,0.0023435540017409232,99.06805316406385,0.016835093730131465
RF,ports,supervised,known,DoS,8,99.89640032620859,0.007782672775666748,96.13155048650637,0.06949434834549277,99.89640032620859,0.007782672775666748,97.97781078764737,0.036234341036314816
RF,ports,supervised,known,Exploits,8,96.42276422764229,0.0724285208434797,62.669691960787134,0.43764025822628977,96.42276422764229,0.0724285208434797,75.96494137215285,0.32632759045208615
RF,ports,supervised,known,Fuzzers,8,53.90489413398126,0.46642439693776233,42.28916145550415,0.3963627898753475,53.90489413398126,0.46642439693776233,47.39400833241501,0.3052789505073704
RF,ports,supervised,known,Generic,8,97.94841735052756,0.25836959672653953,28.277246067688356,0.373655242108595,97.94841735052756,0.25836959672653953,43.883878482875275,0.45249995510077673
RF,ports,supervised,known,Infilteration,8,10.340463749183542,0.046709893604615485,30.950203041503617,0.4457307246529098,10.340463749183542,0.046709893604615485,15.501396033523315,0.09703412404164001
RF,ports,supervised,known,Reconnaissance,8,98.71614672608845,0.02270746222684946,97.13985796477388,0.051728060556279314,98.71614672608845,0.02270746222684946,97.92165039747641,0.025246778749610517
RF,ports,supervised,known,Worms,8,98.4375,1.6703827619526526,1.4646034209372092,0.02723823210288006,98.4375,1.6703827619526526,2.8862512184814784,0.05323129783181477
RF,ports,supervised,known,injection,8,99.96988595866,0.0020780298983781686,97.06622813642463,0.05319282529806533,99.96988595866,0.0020780298983781686,98.49665515153158,0.026827473275737743
RF,ports,supervised,known,mitm,8,91.91176470588235,0.6665366068225849,7.502816577087296,0.15970786216114424,91.91176470588235,0.6665366068225849,13.87291914714083,0.27877210453798495
RF,ports,supervised,known,password,8,99.99410427922135,0.0022191457401135135,91.66841703820319,0.14265257644806928,99.99410427922135,0.0022191457401135135,95.65037901411547,0.07771504523130607
RF,ports,supervised,known,scanning,8,100.0,0.0,60.21734872917767,0.4455839313673406,100.0,0.0,75.16872681555284,0.3478665534956674
RF,ports,supervised,known,xss,8,99.97667288723007,0.003562533216642124,87.61951319769375,0.2025229281989372,99.97667288723007,0.003562533216642124,93.39099483237968,0.11522390333313662
RF,ports,supervised,zero_day,Backdoor,8,45.89311051552893,0.011235955306631518,80.46995281556578,0.2925371762690679,45.89311051552893,0.011235955306631518,58.45072466444248,0.07655236039263384
RF,ports,supervised,zero_day,Brute Force,8,66.30709355893887,0.00012109859073417323,98.91694037066534,0.02003067002542126,66.30709355893887,0.00012109859073417323,79.39395507827224,0.0065090546399937796
RF,ports,supervised,zero_day,Shellcode,8,53.93772893772894,0.39110176747367237,25.784765253532356,0.4352185592376356,53.93772893772894,0.39110176747367237,34.889188084648076,0.45939684419651616
RF,ports,supervised,zero_day,Theft,8,76.92509167103196,0.2520011710017594,40.930863639026356,0.44009884149281875,76.92509167103196,0.2520011710017594,53.430147645417236,0.3798617717430294
RF,ports,supervised,zero_day,ransomware,8,0.0,0.0,0.0,0.0,0.0,0.0,0.0,0.0
XGB,ports,supervised,known,Analysis,8,83.33333333333334,0.3393793548094266,9.91697400481528,0.11277832886338297,83.33333333333334,0.3393793548094266,17.72447150638212,0.18258706257775562
XGB,ports,supervised,known,Bot,8,100.0,0.0,49.592105467197605,0.3054993810672841,100.0,0.0,66.30261592113735,0.27376250126567603
XGB,ports,supervised,known,DDoS,8,99.97281679396006,0.001874843201388219,97.95115861753825,0.02472813112537759,99.97281679396006,0.001874843201388219,98.95166146161577,0.012969209346427974
XGB,ports,supervised,known,DoS,8,99.84946042824359,0.008231882338630928,95.66666546418979,0.051039830522500725,99.84946042824359,0.008231882338630928,97.71331421461971,0.02698607755717608
XGB,ports,supervised,known,Exploits,8,95.47425474254743,0.1505398536215543,59.63477882523151,0.29890608706239785,95.47425474254743,0.1505398536215543,73.4136057799171,0.23891316737516846
XGB,ports,supervised,known,Fuzzers,8,53.02846233946546,0.34895621996830084,39.04952759018724,0.34809653928667095,53.02846233946546,0.34895621996830084,44.97733313571125,0.3195429297770503
XGB,ports,supervised,known,Generic,8,98.03634232121924,0.28544733795108324,25.964283108586137,0.2436195237637963,98.03634232121924,0.28544733795108324,41.05484800064415,0.3134065919134338
XGB,ports,supervised,known,Infilteration,8,10.275146962769433,0.029919182929879804,28.358276964759888,0.2757574574795919,10.275146962769433,0.029919182929879804,15.08444531827136,0.06321164162354882
XGB,ports,supervised,known,Reconnaissance,8,99.00137127185465,0.041932036561628715,96.80251553522612,0.03694660002716122,99.00137127185465,0.041932036561628715,97.8895839499218,0.010060317745620842
XGB,ports,supervised,known,Worms,8,98.4375,1.6703827619526526,1.303692062100843,0.017102666726914323,98.4375,1.6703827619526526,2.573299372226068,0.03372187307269121
XGB,ports,supervised,known,injection,8,99.94885958660014,0.007286189700731315,96.71065296807178,0.03911907275982414,99.94885958660014,0.007286189700731315,98.30309214371466,0.01981048784392288
XGB,ports,supervised,known,mitm,8,88.83689839572193,0.7795390233750478,6.513531000864347,0.11703940475795262,88.83689839572193,0.7795390233750478,12.137082965118996,0.20980730797885397
XGB,ports,supervised,known,password,8,99.98606465997773,0.008183805123238238,90.72218545567185,0.10338304854401033,99.98606465997773,0.008183805123238238,95.12909516938674,0.0562143773140479
XGB,ports,supervised,known,scanning,8,100.0,0.0,57.36135044719225,0.29926433307941774,100.0,0.0,72.90358533271555,0.24230532085591744
XGB,ports,supervised,known,xss,8,99.9650093308451,0.004712788464311696,86.28174390947885,0.1458260401596026,99.9650093308451,0.004712788464311696,92.62067651218914,0.08531436637008812
XGB,ports,supervised,zero_day,Backdoor,8,34.712149876504284,11.825524004757659,71.07568080755321,11.32167074300362,34.712149876504284,11.825524004757659,46.19301311905761,13.687118262411527
XGB,ports,supervised,zero_day,Brute Force,8,66.30371118836807,0.001098503160741621,98.78305516775602,0.014816025798146643,66.30371118836807,0.001098503160741621,79.34837269657459,0.0052018104781240415
XGB,ports,supervised,zero_day,Shellcode,8,53.58974358974359,0.8186043439885338,23.475270565061187,0.4108139083851974,53.58974358974359,0.8186043439885338,32.648186960278174,0.5355975365742222
XGB,ports,supervised,zero_day,Theft,8,76.58459926663174,0.6614197349093602,38.00727269592868,0.2934664752542056,76.58459926663174,0.6614197349093602,50.80158182604227,0.3452086187111756
XGB,ports,supervised,zero_day,ransomware,8,0.26408450704225356,0.36447124613152515,0.01569327273673174,0.02166432162060585,0.26408450704225356,0.36447124613152515,0.029625511290090712,0.040896433345899916
MLP,ports,supervised,known,Analysis,8,78.57142857142858,3.4734610682751184,2.614630820423495,0.5760878977509205,78.57142857142858,3.4734610682751184,5.0528692080884,1.0744604932168786
MLP,ports,supervised,known,Bot,8,99.97335890878091,0.02206091941631831,20.204481622998355,3.965934482578233,99.97335890878091,0.02206091941631831,33.45763996107496,5.4723529043378045
MLP,ports,supervised,known,DDoS,8,98.40134249962733,1.088980470110039,92.10877325147322,1.7475662047921061,98.40134249962733,1.088980470110039,95.1351188749465,0.7034777118957759
MLP,ports,supervised,known,DoS,8,97.29645153336999,1.8582147273563927,84.27923710666064,3.108660927163788,97.29645153336999,1.8582147273563927,90.26851008435023,1.40666091581564
MLP,ports,supervised,known,Exploits,8,64.92208672086721,9.623457803465268,20.348046986736136,3.520305661127653,64.92208672086721,9.623457803465268,30.7699719515587,4.480879293321512
MLP,ports,supervised,known,Fuzzers,8,44.55050329746616,7.53467716933378,11.901503076982078,1.1850115260040621,44.55050329746616,7.53467716933378,18.6381868426292,1.5082634197841416
MLP,ports,supervised,known,Generic,8,72.7432590855803,5.592900558910464,6.255881789496783,1.1183217921678636,72.7432590855803,5.592900558910464,11.481428085200182,1.8616277695575507
MLP,ports,supervised,known,Infilteration,8,8.94976050511648,0.14771681629775643,8.199671792592884,1.8673664132394046,8.94976050511648,0.14771681629775643,8.462951385757304,1.0180476573720914
MLP,ports,supervised,known,Reconnaissance,8,93.91138155639355,1.0813342028256576,87.71799355912037,2.560007479168064,93.91138155639355,1.0813342028256576,90.67787690127781,0.9719337774588147
MLP,ports,supervised,known,Worms,8,80.46875,3.2346823094172854,0.2799524273698017,0.06701894126792093,80.46875,3.2346823094172854,0.5578646683403483,0.13310161444965934
MLP,ports,supervised,known,injection,8,97.48841767640769,0.15071511371197463,87.6884677385284,2.6533066742678693,97.48841767640769,0.15071511371197463,92.30879824058067,1.4152944395998504
MLP,ports,supervised,known,mitm,8,51.06951871657754,6.123936997350981,1.0073069841749938,0.14361364434089635,51.06951871657754,6.123936997350981,1.9736864123072466,0.27305575073444915
MLP,ports,supervised,known,password,8,99.57014835777377,0.19022622908163533,70.93153320298516,5.047910717337497,99.57014835777377,0.19022622908163533,82.75194269989711,3.4139374858027463
MLP,ports,supervised,known,scanning,8,96.6840710723192,4.0908920062363086,24.971108951236907,4.089204256510356,96.6840710723192,4.0908920062363086,39.482763221564554,4.9754588285504315
MLP,ports,supervised,known,xss,8,96.52342708611036,0.1699943460836614,60.47793357975251,5.84654432989282,96.52342708611036,0.1699943460836614,74.2140423732321,4.411358964330573
MLP,ports,supervised,zero_day,Backdoor,8,43.97038730358926,23.09390179622378,43.275111950418186,19.883814032183658,43.97038730358926,23.09390179622378,43.24660200658253,21.37349097295331
MLP,ports,supervised,zero_day,Brute Force,8,98.71525577571887,0.3174139534026247,96.76003638070378,0.7776873128876629,98.71525577571887,0.3174139534026247,97.72616057120035,0.41223976317873906
MLP,ports,supervised,zero_day,Shellcode,8,17.646520146520146,9.013025555537437,2.3740339576846923,0.9906091272228312,17.646520146520146,9.013025555537437,4.161835152246571,1.7599795118965915
MLP,ports,supervised,zero_day,Theft,8,75.130958617077,5.319637863179822,13.446506409764295,2.8932875799657456,75.130958617077,5.319637863179822,22.69653015695895,4.226544052470086
MLP,ports,supervised,zero_day,ransomware,8,0.08802816901408451,0.24898126098117873,0.0016490765171503876,0.004664292751890132,0.08802816901408451,0.24898126098117873,0.0032375032375032376,0.009157041973407764
LSTM,ports,supervised,known,Analysis,8,80.67460317460318,1.783256055532683,2.8418311819966684,0.5442258061733674,80.67460317460318,1.783256055532683,5.483760880042353,1.0149718529823522
LSTM,ports,supervised,known,Bot,8,100.0,0.0,21.181167124212607,3.511970686580737,100.0,0.0,34.83518134122678,4.839834946757811
LSTM,ports,supervised,known,DDoS,8,96.69767890495523,0.9620970524927079,92.46701172977008,1.5246959342683113,96.69767890495523,0.9620970524927079,94.52078768607018,0.3863191126883219
LSTM,ports,supervised,known,DoS,8,94.47792402374495,1.3314595013102535,84.76644135314346,2.7504647881512145,94.47792402374495,1.3314595013102535,89.31888399100211,1.0799470091298908
LSTM,ports,supervised,known,Exploits,8,62.11043360433605,3.8829642008528515,20.68787978886732,2.682598361009044,62.11043360433605,3.8829642008528515,30.870928298634936,2.747312290820764
LSTM,ports,supervised,known,Fuzzers,8,50.57705657757723,3.402377683483616,14.342150115597656,2.7516391407679284,50.57705657757723,3.402377683483616,22.24017605861323,3.5444853670014176
LSTM,ports,supervised,known,Generic,8,71.43903868698712,3.656550021436027,6.541628088923689,1.252727869181741,71.43903868698712,3.656550021436027,11.953705426497764,2.1003093731305538
LSTM,ports,supervised,known,Infilteration,8,9.040931852819508,0.07429050985970014,8.723810900868347,1.6468065253188673,9.040931852819508,0.07429050985970014,8.806608974782158,0.8934511611736499
LSTM,ports,supervised,known,Reconnaissance,8,93.80236544394927,0.50024818719665,88.4013928146397,2.29341056940341,93.80236544394927,0.50024818719665,91.0033101547389,1.0529343910828008
LSTM,ports,supervised,known,Worms,8,83.203125,3.71167168489194,0.30612714593828183,0.06437519274351569,83.203125,3.71167168489194,0.6099245155623555,0.12782028679824353
LSTM,ports,supervised,known,injection,8,97.53563791874555,0.38387656285338295,88.40281825074752,2.2949678140041323,97.53563791874555,0.38387656285338295,92.7269225090958,1.1172497068788456
LSTM,ports,supervised,known,mitm,8,43.44919786096257,6.472576704230053,0.9073086766499837,0.09728882553629402,43.44919786096257,6.472576704230053,1.7760903205966159,0.18518989519410659
LSTM,ports,supervised,known,password,8,99.43722665294572,0.10532256766106872,72.23158725033046,4.456069641623787,99.43722665294572,0.10532256766106872,83.60767507774153,3.0230689038097456
LSTM,ports,supervised,known,scanning,8,89.45994389027432,3.2137454819524804,24.653245995459358,3.4258020702806062,89.45994389027432,3.2137454819524804,38.49093179601569,4.034936652488078
LSTM,ports,supervised,known,xss,8,96.67255398560383,0.5015175036539915,62.039157803638815,5.069655287161003,96.67255398560383,0.5015175036539915,75.45729662003848,3.719745442804874
LSTM,ports,supervised,zero_day,Backdoor,8,33.24728046665616,23.616968416882735,36.69676842973814,19.25048781229848,33.24728046665616,23.616968416882735,34.300301951653125,21.72128622238514
LSTM,ports,supervised,zero_day,Brute Force,8,98.71054614581014,0.3131354364058506,96.96658896272771,0.6783653514508534,98.71054614581014,0.3131354364058506,97.82937032719144,0.354121893825753
LSTM,ports,supervised,zero_day,Shellcode,8,11.93223443223443,2.2581756568432607,1.8118524793386572,0.35367064304648926,11.93223443223443,2.2581756568432607,3.132202759001707,0.57203811705299
LSTM,ports,supervised,zero_day,Theft,8,68.73363017286538,3.428093962654861,13.055599668155523,2.0945275538878882,68.73363017286538,3.428093962654861,21.85427970122913,2.9557476841303227
LSTM,ports,supervised,zero_day,ransomware,8,4.049295774647887,3.7216541877452536,0.06531126754960741,0.06345099717477251,4.049295774647887,3.7216541877452536,0.12849156404111256,0.12476069194310101
