Model,Attack,N,Mean,Std,Min,Max
B0,Backdoor,3,61.5464,26.8284,37.2011,90.3095
B0,Brute Force,3,98.5073,0.0,98.5073,98.5073
B0,Shellcode,3,1.2454,0.7924,0.5861,2.1245
B0,Theft,3,22.1582,18.9645,0.2619,33.3683
B0,ransomware,3,92.723,11.3844,79.5775,99.2958
B1,Backdoor,3,42.1585,9.5199,35.798,53.1032
B1,Brute Force,3,98.5073,0.0,98.5073,98.5073
B1,Shellcode,3,1.1722,0.5283,0.7326,1.7582
B1,Theft,3,22.3503,19.084,0.3143,33.473
B1,ransomware,3,99.2958,0.0,99.2958,99.2958
B2,Backdoor,3,37.3745,0.2322,37.1065,37.5164
B2,Brute Force,3,98.5073,0.0,98.5073,98.5073
B2,Shellcode,3,0.6593,0.2538,0.5128,0.9524
B2,Theft,3,22.4725,19.2356,0.2619,33.7349
B2,ransomware,3,99.2958,0.0,99.2958,99.2958
B3,Backdoor,3,31.8041,3.0572,28.8927,34.9887
B3,Brute Force,3,98.5073,0.0,98.5073,98.5073
B3,Shellcode,3,0.9035,0.5146,0.3663,1.3919
B3,Theft,3,33.5603,0.1983,33.4206,33.7873
B3,ransomware,3,99.061,0.4066,98.5915,99.2958
B4,Backdoor,3,41.3597,21.856,16.1543,55.0581
B4,Brute Force,3,93.9008,7.9787,84.6877,98.5073
B4,Shellcode,3,0.4396,0.1938,0.2198,0.5861
B4,Theft,3,33.2984,0.2637,33.054,33.5778
B4,ransomware,3,96.0094,2.8461,94.3662,99.2958
B5,Backdoor,3,58.1551,28.1028,37.548,90.1676
B5,Brute Force,3,98.5073,0.0,98.5073,98.5073
B5,Shellcode,3,1.2454,0.4575,0.7326,1.6117
B5,Theft,3,22.0884,18.9145,0.2619,33.6826
B5,ransomware,3,99.061,0.4066,98.5915,99.2958
B6,Backdoor,3,51.9821,27.5873,29.6652,82.8262
B6,Brute Force,3,98.5073,0.0,98.5073,98.5073
B6,Shellcode,3,0.9035,0.7411,0.4396,1.7582
B6,Theft,3,41.4702,13.8074,33.3159,57.4123
B6,ransomware,3,95.5399,1.466,94.3662,97.1831
B7,Backdoor,3,98.4655,0.1679,98.3341,98.6547
B7,Brute Force,3,99.4285,0.3881,99.192,99.8764
B7,Shellcode,3,9.6703,10.4091,3.37,21.685
B7,Theft,3,23.0662,17.6185,2.7239,33.473
B7,ransomware,3,94.1315,8.9449,83.8028,99.2958
B8,Backdoor,3,79.3245,29.4958,45.3256,98.0714
B8,Brute Force,3,98.7355,0.3953,98.5073,99.192
B8,Shellcode,3,7.9853,2.6737,4.9084,9.7436
B8,Theft,3,57.1154,6.5497,49.6071,61.6553
B8,ransomware,3,94.6009,1.6263,93.662,96.4789
B9,Backdoor,3,98.3429,0.2713,98.1607,98.6547
B9,Brute Force,3,99.4201,0.3951,99.192,99.8764
B9,Shellcode,3,7.3016,7.1919,3.0037,15.6044
B9,Theft,3,60.8521,1.3348,59.979,62.3887
B9,ransomware,3,96.2441,2.8461,93.662,99.2958
B10,Backdoor,3,94.2088,6.4678,86.7413,98.0398
B10,Brute Force,3,99.1919,0.6845,98.5073,99.8764
B10,Shellcode,3,4.7863,5.0652,1.5385,10.6227
B10,Theft,3,64.484,6.6105,60.0314,72.0796
B10,ransomware,3,96.9484,2.9319,93.662,99.2958
B11,Backdoor,8,65.6413,28.3864,37.4113,96.8942
B11,Brute Force,8,98.5073,0.0,98.5073,98.5073
B11,Shellcode,8,3.3516,3.5617,0.4396,10.3297
B11,Theft,8,39.0453,10.0999,32.6873,58.4599
B11,ransomware,8,98.0634,2.7597,93.662,100.0
RF,Backdoor,3,45.9001,0.003,45.8984,45.9036
RF,Brute Force,3,66.307,0.0002,66.3068,66.3071
RF,Shellcode,3,54.0415,0.1692,53.8462,54.1392
RF,Theft,3,76.7068,0.2117,76.4798,76.8989
RF,ransomware,3,0.0,0.0,0.0,0.0
XGB,Backdoor,3,33.4822,20.3325,10.0163,45.8668
XGB,Brute Force,3,66.3036,0.0014,66.3023,66.3051
XGB,Shellcode,3,54.0659,0.5283,53.6264,54.652
XGB,Theft,3,76.3227,0.843,75.6417,77.2656
XGB,ransomware,3,0.2347,0.4066,0.0,0.7042
MLP,Backdoor,3,41.5419,28.9908,8.0982,59.5302
MLP,Brute Force,3,98.5425,0.0104,98.5337,98.5539
MLP,Shellcode,3,14.0171,8.4139,4.3223,19.4139
MLP,Theft,3,72.2542,3.1453,69.0414,75.3274
MLP,ransomware,3,0.0,0.0,0.0,0.0
LSTM,Backdoor,2,55.3707,6.5066,50.7699,59.9716
LSTM,Brute Force,2,98.8671,0.5089,98.5073,99.2269
LSTM,Shellcode,2,8.2418,1.7095,7.033,9.4505
LSTM,Theft,2,66.4484,0.7038,65.9508,66.946
LSTM,ransomware,2,8.4507,3.9837,5.6338,11.2676
