config,feature_set,model_type,n_seeds,KT_Accuracy_mean,KT_Accuracy_std,KT_Accuracy_ci95,KT_Precision_mean,KT_Precision_std,KT_Precision_ci95,KT_Recall_mean,KT_Recall_std,KT_Recall_ci95,KT_F1_mean,KT_F1_std,KT_F1_ci95,KT_ROC_AUC_mean,KT_ROC_AUC_std,KT_ROC_AUC_ci95,Weighted_ZeroDay_mean,Weighted_ZeroDay_std,Weighted_ZeroDay_ci95,Macro_ZeroDay_mean,Macro_ZeroDay_std,Macro_ZeroDay_ci95,Shellcode_mean,Shellcode_std,Shellcode_ci95,Brute Force_mean,Brute Force_std,Brute Force_ci95,Theft_mean,Theft_std,Theft_ci95,ransomware_mean,ransomware_std,ransomware_ci95,Backdoor_mean,Backdoor_std,Backdoor_ci95
B0,ports,drl,8,92.74228714083993,1.4539276695029029,1.215513950240755,87.58715785062559,2.8603277472806696,2.391293839444621,76.8619208503318,9.09578995003706,7.604270696980247,81.49522999382306,5.171370368077225,4.3233738212085004,92.21075688772439,3.9726670036770817,3.3212327297420567,84.55128816793894,23.68529844011201,19.801405030977204,50.303512951698224,16.104355396961736,13.463578041220364,0.4578754578754578,0.28440980097752366,0.23777254393375205,88.11285129557638,24.32647776592333,20.337444361871896,35.18858040859088,18.33289675783547,15.326685243627953,86.88380281690141,31.751421857600526,26.544852964444946,40.87445477954701,25.522508650212288,21.33735120405275
B1,ports,drl,8,91.92170964240094,0.7430844897550067,0.6212341799737244,85.67659294000092,1.1864923937751994,0.9919324645505844,74.25734832163552,3.7812597300000723,3.1612122443959736,79.51498377662267,2.2719795068045587,1.8994224012025638,81.79582356394354,4.0842382420308665,3.414508619257956,90.8645435750636,9.580704930619662,8.009669765958968,49.4343053651256,9.856677458325153,8.240388572915794,0.5586080586080586,0.26250512111321844,0.21945977328559182,94.8216334709116,9.37545413208644,7.83807580420399,19.905709795704556,22.365549776929306,18.698067537263622,88.11619718309859,30.498353387155145,25.49726150691807,43.76937831730517,22.87226348134836,19.12169079543444
B10,ports,drl,8,90.97749295977223,0.6467412385233885,0.5406892062862642,74.20160518708681,2.6293652382962116,2.198204349821524,88.25407760733631,1.9193175601639545,1.6045896355483578,80.56668643216283,0.913940454499439,0.764073341085298,93.5423511519177,1.3109650549178609,1.0959942134367748,98.28649809160305,0.4492173251426138,0.3755550821777616,69.58326378977122,2.844710555415486,2.378237540308222,5.842490842490843,3.7626936847688106,3.1456906421507145,99.05850216642976,0.4488111320392588,0.3752154962451351,47.479046621267685,14.09213300389308,11.781318021643163,97.35915492957747,2.4611931232847155,2.057608943237195,98.17712438909034,0.18724470685784075,0.1565404923975771
B11,ports,drl,8,92.44766488173445,0.4091045691871276,0.34201997897474834,81.08409003507387,1.88300181687932,1.5742289143778696,83.98576848304108,1.5866839488456055,1.3265009772489724,82.48367965101721,0.8095420708555512,0.6767941081746828,92.11458056909603,2.224815300890667,1.8599921383064986,95.72868956743002,1.7211011693514109,1.4388765858191401,60.687404182940384,5.862533127741992,4.901200348539573,1.1538461538461537,0.44947820557807244,0.37577318367984885,98.67843503279613,0.4840310671854668,0.40466009888580656,43.69434258774227,14.623855391201625,12.225849061932003,97.44718309859155,2.437692393654607,2.037961841592861,62.46321404172579,25.54788501569086,21.35856637650776
B2,ports,drl,8,92.19153272064993,1.045422725327881,0.8739952703212595,84.9290875534725,2.464035334929797,2.0599850916361833,76.85379799227216,5.919642862040273,4.94894528124165,80.5556465401583,3.171354696506487,2.6513188761880664,86.04309571675529,4.749484879309331,3.9706687260665645,93.46385973282443,3.1178836443457723,2.6066159578801553,53.25318492095413,5.849619207004335,4.890404040622625,0.9523809523809523,0.36942674190942526,0.3088484852457791,97.37408162216778,3.2052374996909636,2.6796456085337503,22.996333158721843,26.061759425552076,21.78817613424186,97.79929577464787,2.363917532698017,1.9762845143428291,47.14383309685218,18.27479859935692,15.278113967631725
B3,ports,drl,8,92.57970839131224,1.1790333397852846,0.98569653935945,89.5831861587135,2.374670154711032,1.9852739313080856,73.65177408612792,7.066845285058026,5.90803050822879,80.61888105340006,3.956248019321278,3.307506115308694,84.2578957216557,6.050686055681365,5.058500132762777,79.43964694656489,23.06566381173339,19.283377517886425,45.40283042580234,9.02660154903859,7.546427746211421,0.293040293040293,0.22495222668974021,0.18806476787981233,83.8204517819527,24.194982859071708,20.22751186865619,22.786799371398637,25.649127900432973,21.443207546318312,96.65492957746478,2.681610248543623,2.2418822714391187,23.458931105155287,11.124773196668222,9.300543140800075
B4,ports,drl,8,93.0116607517719,0.6888102912339557,0.5758598145054413,86.85915523018858,3.0043517614155295,2.511700928478457,79.15762254393084,4.6146109993539906,3.857911340642526,82.70076585162502,2.056765694020341,1.719499151091258,87.26184212063703,4.626357767594768,3.8677318846533506,90.52361641221374,10.961606935597052,9.16413273284048,53.30409105813166,7.371821944987033,6.16299737653819,0.6593406593406593,0.4069538900099128,0.3402219661868834,94.36175951773389,11.122824035440205,9.298913601233822,31.10921948664222,22.064128067153835,18.446072681657927,96.39084507042253,2.537376115722646,2.121299518787663,43.999290556519,24.52496485517327,20.503383721158233
B5,ports,drl,8,91.35478866760194,1.1746801316640723,0.9820571662939082,83.2233186637114,2.703797031586699,2.2604308862467892,74.19239916196372,5.657684455625212,4.72994257288188,78.33135495183467,3.549229072483047,2.9672297602522417,84.29385259962798,10.277426596616783,8.592143655285268,94.27091284987279,3.146596032167659,2.6306201148091986,54.021002841981,8.501100334525498,7.1070977365366526,0.9798534798534799,0.6301309361958235,0.5268026460258252,97.5452980767584,2.720964235324028,2.2747830277370764,17.862755369303297,25.231597583531045,21.094143465973616,95.3345070422535,11.491349332160423,9.607008459441722,58.382600241736284,26.48755908668796,22.1441535593743
B6,ports,drl,8,94.36276664113501,0.9228388918285814,0.7715126208622719,88.43520162694739,1.3873259392459851,1.1598335103292332,84.40397770629363,4.254070753172622,3.5564921517453745,86.32828766087414,2.5921798536234366,2.167116590256235,92.18770037633624,5.744059020488406,4.802153516204173,93.33070928753182,1.1685797230418813,0.9769570970552662,55.780465135232475,3.94307515300757,3.2964933234726033,0.467032967032967,0.18754537872796895,0.15679186037154982,98.26685619359148,0.6295372274460909,0.526306293089694,55.67705605028811,9.207847682973895,7.697953306145836,96.47887323943661,2.439508179674466,2.0394798766946662,28.01250722581323,12.842279431026931,10.736414285753417
B7,ports,drl,8,89.10023920222548,1.0735517164346997,0.897511695390896,69.61253065156532,2.649128527612716,2.2147268731703424,86.3878088371303,4.2767142039993,3.5754225503743715,77.02833301679158,2.295772550989535,1.919313883930464,92.54799763803913,2.979439580055828,2.490873823658313,98.46079834605598,0.42839474292577795,0.358146967802132,68.64320194195753,4.515055192544353,3.774680603279943,5.7967032967032965,3.8118250707351167,3.186765508727211,99.28062543885189,0.4380589925946899,0.36622648271719543,40.505500261917234,21.96313053820953,18.361636634427583,99.29577464788731,0.0,0.0,98.33740606442797,0.13860979487306124,0.11588068845668187
B8,ports,drl,8,90.86792995044729,1.2492467535910932,1.0443964222801503,74.10239790654339,3.7222479291269015,3.111877144242956,87.87452779567877,2.117182692403456,1.7700090257616103,80.33620850090605,2.146320427971902,1.7943687823057457,94.19894835572092,1.239317658594409,1.0360954911300735,90.64738390585241,21.645475251060574,18.096070168504767,67.90095180341814,3.6477277092014107,3.0495766813007985,6.63003663003663,4.8441949832850195,4.049848354479965,90.82645441934545,23.385901537531602,19.55110295654885,48.50707176532216,16.374594830663582,13.689503861644473,95.4225352112676,2.4969162265575093,2.0874742049587893,98.11866099111882,0.2168386548159601,0.18128165204418575
B9,ports,drl,8,90.77266428244468,0.6860624305161338,0.5735625454556179,73.01843705021372,1.9226388979353233,1.6073663434130212,89.58639485314143,0.9167109145474469,0.766389503647972,80.44409236028315,1.2075979093575762,1.0095771171392331,94.51354713654064,1.4402884086618177,1.204111242822043,98.37897582697201,0.24099683782524545,0.20147839846850774,69.6052173380155,4.894896806301826,4.092236139286783,7.152014652014652,3.714125215729407,3.1050863859022484,99.10641194704664,0.24207608288811305,0.20238066992063064,55.997904662126764,12.553742097011579,10.495191037845322,87.67605633802816,19.87220770579401,16.613581401014958,98.09369909086132,0.2255558559015283,0.188569414529774
LSTM,ports,supervised,8,98.03,0.050990195135928056,0.04262886993161739,97.45625,0.5517747340562592,0.4612952216977026,93.12625,0.7213467068120387,0.6030609386435577,95.24125000000001,0.1465252294219089,0.12249815734330916,99.17125,0.031367635732207355,0.026223999734185054,94.14625000000001,1.5848833891308405,1.3249956716567854,43.335,5.310404880986006,4.4396095828288376,11.93223443223443,2.2581756568432607,1.8878820938358811,98.71054614581014,0.3131354364058506,0.26178777613894105,68.73363017286538,3.428093962654861,2.8659582740919656,4.049295774647887,3.7216541877452536,3.111380764025861,33.24728046665616,23.616968416882735,19.744279701982084
MLP,ports,supervised,8,98.20125,0.10480423928176387,0.08761853671504101,97.3125,0.6285982137150221,0.525521257964823,94.11375000000001,0.897996778549742,0.750744094423667,95.68125,0.2703668143203126,0.22603231328615675,99.14625,0.021998376563478833,0.01839110304895701,94.86125000000001,1.1029109211536567,0.9220566047783537,47.11,4.572361065607757,3.8225895120932054,17.646520146520146,9.013025555537437,7.535077931612547,98.71525577571887,0.3174139534026247,0.2653647058617925,75.130958617077,5.319637863179822,4.4473285491119015,0.08802816901408451,0.24898126098117873,0.2081535432740127,43.97038730358926,23.09390179622378,19.306985063705046
RF,ports,supervised,8,99.26,0.0,0.0,99.41375,0.009161253813127636,0.007658999856134672,97.08,0.007559289460188412,0.006319724141372478,98.2325,0.004629100498858547,0.003870024865372278,99.69,0.0,0.0,65.05,0.0,0.0,48.613749999999996,0.08365533028871715,0.0699376063272112,53.93772893772894,0.39110176747367237,0.32696926009434857,66.30709355893887,0.00012109859073417323,0.00010124095543364271,76.92509167103196,0.2520011710017594,0.21067825123265732,0.0,0.0,0.0,45.89311051552893,0.011235955306631518,0.009393493710840325
XGB,ports,supervised,8,99.25,0.0,0.0,99.34125,0.009910312089650842,0.008285228246827965,97.10499999999999,0.009258200997726963,0.007740049730752807,98.21125,0.003535533905934546,0.002955780314492492,99.67,0.0,0.0,64.37,0.7137826800124196,0.5967372539873083,46.292500000000004,2.306052595113254,1.9279082158931697,53.58974358974359,0.8186043439885338,0.684370358111379,66.30371118836807,0.001098503160741621,0.0009183716248563607,76.58459926663174,0.6614197349093602,0.5529607363630026,0.26408450704225356,0.36447124613152515,0.30470558709840695,34.712149876504284,11.825524004757659,9.886385477211771
