Episode,Total_Reward,Episode_Accuracy,Mean_Loss,Mean_Absolute_TD_Error,Epsilon_Start,Epsilon_End,Beta,Episode_Time_Seconds,Gradient_Updates
0,10.0,0.51953125,0.23484526934774586,0.7387846196340823,1.0,0.9,0.4,50.572213649749756,241
1,10.0,0.51953125,0.09373445102391997,0.7170072378357872,0.9,0.81,0.42000000000000004,50.495431900024414,497
2,32.0,0.5625,0.08259332989837276,0.673516355571337,0.81,0.7290000000000001,0.44,51.028228521347046,753
3,70.0,0.63671875,0.08651870228641201,0.6930596663150936,0.7290000000000001,0.6561000000000001,0.46,51.19626760482788,1009
4,82.0,0.66015625,0.10495994385200902,0.7700495951576158,0.6561000000000001,0.5904900000000002,0.48000000000000004,51.61817693710327,1265
5,82.0,0.66015625,0.09282693250861485,0.7154909294331446,0.5904900000000002,0.5314410000000002,0.5,51.65873122215271,1521
6,106.0,0.70703125,0.08311576820415212,0.7098370975581929,0.5314410000000002,0.47829690000000014,0.52,52.28828048706055,1777
7,122.0,0.73828125,0.07813571086444426,0.7249128783587366,0.47829690000000014,0.43046721000000016,0.54,52.42255997657776,2033
8,128.0,0.75,0.08302695799648063,0.7670594119699672,0.43046721000000016,0.38742048900000015,0.56,52.57511258125305,2289
9,142.0,0.77734375,0.0789996317907935,0.7570560406893492,0.38742048900000015,0.34867844010000015,0.5800000000000001,52.711442947387695,2545
10,144.0,0.78125,0.07644345806693309,0.7844983077375218,0.34867844010000015,0.31381059609000017,0.6,53.08777070045471,2801
11,164.0,0.8203125,0.07422200838118442,0.8143810658948496,0.31381059609000017,0.28242953648100017,0.62,53.16495752334595,3057
12,168.0,0.828125,0.0660551628061512,0.8156722234562039,0.28242953648100017,0.25418658283290013,0.64,53.373438119888306,3313
13,146.0,0.78515625,0.05634901501252898,0.79502192302607,0.25418658283290013,0.22876792454961012,0.66,53.28431725502014,3569
14,180.0,0.8515625,0.06055840999761131,0.89036601386033,0.22876792454961012,0.2058911320946491,0.6799999999999999,53.670570611953735,3825
15,186.0,0.86328125,0.05962089604417997,0.9508318826556206,0.2058911320946491,0.1853020188851842,0.7,53.98527789115906,4081
16,200.0,0.890625,0.0569108887539187,0.9940055194310844,0.1853020188851842,0.16677181699666577,0.72,53.82154822349548,4337
17,166.0,0.82421875,0.0512950861830177,1.004059950588271,0.16677181699666577,0.1500946352969992,0.74,53.86858606338501,4593
18,184.0,0.859375,0.04929275448557746,1.0152066336013377,0.1500946352969992,0.13508517176729928,0.76,53.95632338523865,4849
19,192.0,0.875,0.04522451500270108,0.9755296888761222,0.13508517176729928,0.12157665459056936,0.78,53.94927167892456,5105
20,200.0,0.890625,0.047119633494730806,1.0980334735941142,0.12157665459056936,0.10941898913151243,0.8,54.3919095993042,5361
21,200.0,0.890625,0.049793439871791634,1.115549098001793,0.10941898913151243,0.0984770902183612,0.8200000000000001,54.25133943557739,5617
22,204.0,0.8984375,0.04263980684663693,1.134913581656292,0.0984770902183612,0.08862938119652508,0.84,54.40728139877319,5873
23,216.0,0.921875,0.042088274471097975,1.224473394220695,0.08862938119652508,0.07976644307687257,0.8600000000000001,54.459850788116455,6129
24,206.0,0.90234375,0.0341116918143598,1.080482340650633,0.07976644307687257,0.07178979876918531,0.88,54.3633987903595,6385
25,208.0,0.90625,0.035826920950057684,1.2651109520811588,0.07178979876918531,0.06461081889226679,0.9,54.46454668045044,6641
26,210.0,0.91015625,0.03674038088138332,1.319596351357177,0.06461081889226679,0.05814973700304011,0.92,54.52415204048157,6897
27,220.0,0.9296875,0.031955678439317126,1.3116047836374491,0.05814973700304011,0.0523347633027361,0.9400000000000001,54.47724199295044,7153
28,206.0,0.90234375,0.02991934568308352,1.3707241574302316,0.0523347633027361,0.05,0.96,54.46582746505737,7409
29,202.0,0.89453125,0.028220384486303374,1.4798703072592616,0.05,0.05,0.98,54.5566201210022,7665
30,212.0,0.9140625,0.027012573271349538,1.5085624686907977,0.05,0.05,1.0,54.3877317905426,7921
