Model,Attack,Samples,Detected,Missed,Detection Rate,Miss Rate,Detection Rate (%),Miss Rate (%)
RF,Brute Force,291955,193587,98368,0.6630713637375623,0.33692863626243774,66.30713637375622,33.69286362624378
RF,Backdoor,19029,8734,10295,0.45898365652425244,0.5410163434757476,45.89836565242524,54.10163434757476
RF,Theft,1909,1460,449,0.7647983237297015,0.23520167627029853,76.47983237297015,23.520167627029853
RF,Shellcode,1365,735,630,0.5384615384615384,0.46153846153846156,53.84615384615385,46.15384615384615
RF,ransomware,142,0,142,0.0,1.0,0.0,100.0
MLP,Brute Force,291955,287692,4263,0.9853984346902777,0.014601565309722342,98.53984346902777,1.4601565309722342
MLP,Backdoor,19029,1541,17488,0.08098165957223186,0.9190183404277681,8.098165957223186,91.90183404277681
MLP,Theft,1909,1438,471,0.753273965426925,0.24672603457307496,75.3273965426925,24.672603457307495
MLP,Shellcode,1365,265,1100,0.19413919413919414,0.8058608058608059,19.413919413919416,80.58608058608058
MLP,ransomware,142,0,142,0.0,1.0,0.0,100.0
LSTM,Brute Force,291955,289698,2257,0.9922693565789248,0.007730643421075212,99.22693565789248,0.7730643421075212
LSTM,Backdoor,19029,9661,9368,0.5076987755531032,0.49230122444689683,50.769877555310316,49.230122444689684
LSTM,Theft,1909,1278,631,0.6694604504976427,0.3305395495023573,66.94604504976427,33.053954950235735
LSTM,Shellcode,1365,96,1269,0.07032967032967033,0.9296703296703297,7.032967032967033,92.96703296703296
LSTM,ransomware,142,16,126,0.11267605633802817,0.8873239436619719,11.267605633802818,88.73239436619718
