Episode,Total_Reward,Average_Reward,Episode_Accuracy,Mean_Loss,Epsilon,Episode_Time_Seconds
0,-8.0,-0.03125,0.484375,3.867232316516224,0.9,98.94066977500916
1,4.0,0.015625,0.5078125,3.8058037692680955,0.81,126.14185357093811
2,34.0,0.1328125,0.56640625,3.7300934363156557,0.7290000000000001,126.00496172904968
3,38.0,0.1484375,0.57421875,3.648471511900425,0.6561000000000001,126.36844205856323
4,96.0,0.375,0.6875,3.5680923918262124,0.5904900000000002,126.69051551818848
5,92.0,0.359375,0.6796875,3.489877979271114,0.5314410000000002,126.10589551925659
6,108.0,0.421875,0.7109375,3.412512673996389,0.47829690000000014,126.27812647819519
7,130.0,0.5078125,0.75390625,3.3396259816363454,0.43046721000000016,126.33247804641724
8,154.0,0.6015625,0.80078125,3.2693228097632527,0.38742048900000015,126.1357672214508
9,140.0,0.546875,0.7734375,3.1988631524145603,0.34867844010000015,126.28248047828674
10,158.0,0.6171875,0.80859375,3.1354812933132052,0.31381059609000017,126.29250121116638
11,156.0,0.609375,0.8046875,3.078565042465925,0.28242953648100017,126.40362477302551
12,178.0,0.6953125,0.84765625,3.024891247972846,0.25418658283290013,126.67049312591553
13,174.0,0.6796875,0.83984375,2.981863358989358,0.22876792454961012,126.22375726699829
14,202.0,0.7890625,0.89453125,2.9337262818589807,0.2058911320946491,126.37411379814148
15,200.0,0.78125,0.890625,2.8914348231628537,0.1853020188851842,126.52378106117249
16,192.0,0.75,0.875,2.8464794754981995,0.16677181699666577,126.25694251060486
17,178.0,0.6953125,0.84765625,2.8156568445265293,0.1500946352969992,126.47422075271606
18,192.0,0.75,0.875,2.7988700065761805,0.13508517176729928,126.37645483016968
19,204.0,0.796875,0.8984375,2.776752191595733,0.12157665459056936,126.56798267364502
20,204.0,0.796875,0.8984375,2.749955835752189,0.10941898913151243,126.59970045089722
21,208.0,0.8125,0.90625,2.7352401446551085,0.0984770902183612,126.40232276916504
22,210.0,0.8203125,0.91015625,2.7217969791963696,0.08862938119652508,127.10152125358582
23,220.0,0.859375,0.9296875,2.7013230370357633,0.07976644307687257,126.89255332946777
24,222.0,0.8671875,0.93359375,2.6828616401180625,0.07178979876918531,126.7533164024353
25,220.0,0.859375,0.9296875,2.667734080925584,0.06461081889226679,126.56577801704407
26,228.0,0.890625,0.9453125,2.6678455593064427,0.05814973700304011,126.99766254425049
27,234.0,0.9140625,0.95703125,2.6486335806548595,0.0523347633027361,126.20464253425598
28,234.0,0.9140625,0.95703125,2.6407809369266033,0.05,127.31347870826721
29,218.0,0.8515625,0.92578125,2.6347754197195172,0.05,126.31938815116882
30,228.0,0.890625,0.9453125,2.627994082868099,0.05,126.04746747016907
